district;businessName;reviewCount;primaryType;matchedTerms;phone;formattedAddress;googleMapsUri;businessStatus;googlePlaceId;fetchedAt
10. Favoriten;Volkspark - Entenpark;571;park;erholungszentrum;01 40008042;"Medeagasse 1100, 1100 Wien";https://maps.google.com/?cid=8174093552270646857&g_mp=Cidnb29nbGUubWFwcy5wbGFjZXMudjEuUGxhY2VzLlNlYXJjaFRleHQQAhgEIAA;OPERATIONAL;ChIJ_6FWhZqpbUcRSR7nD8c2cHE;2026-05-21T13:25:21.155314Z
10. Favoriten;Wienerberg Teich-Ufer;175;park;erholungszentrum;;"Wienerbergteich Bh, Unnamed Road, 1100 Wien";https://maps.google.com/?cid=3792650393708110600&g_mp=Cidnb29nbGUubWFwcy5wbGFjZXMudjEuUGxhY2VzLlNlYXJjaFRleHQQAhgEIAA;OPERATIONAL;ChIJmb73MsCpbUcRCKM3UnAzojQ;2026-05-21T13:25:21.155327Z
10. Favoriten;Diamond Sun & Beauty Lounge;133;tanning_studio;beauty salon;0676 5367560;"Troststraße 58, Lokal 1, 1100 Wien";https://maps.google.com/?cid=1267465212391213955&g_mp=Cidnb29nbGUubWFwcy5wbGFjZXMudjEuUGxhY2VzLlNlYXJjaFRleHQQAhgEIAA;OPERATIONAL;ChIJ17Ck3bepbUcRg0u-NeXwlhE;2026-05-21T13:25:21.155342Z
10. Favoriten;Sozy Beauty;29;beauty_salon;beauty salon;0681 20283414;"Columbusgasse 80, 1100 Wien";https://maps.google.com/?cid=17834454694286060124&g_mp=Cidnb29nbGUubWFwcy5wbGFjZXMudjEuUGxhY2VzLlNlYXJjaFRleHQQAhgEIAA;OPERATIONAL;ChIJV4asiZKpbUcRXOq3rw22gPc;2026-05-21T13:25:21.155355Z
10. Favoriten;Abnehmen im Liegen - Wien Favoriten;17;spa;"spa, wellness center, fitness studio";0676 6619529;"Jagdgasse 27, 1100 Wien";https://maps.google.com/?cid=11224812281663112428&g_mp=Cidnb29nbGUubWFwcy5wbGFjZXMudjEuUGxhY2VzLlNlYXJjaFRleHQQAhgEIAA;OPERATIONAL;ChIJKR_ab3-pbUcR7MT4bkyLxps;2026-05-21T13:25:21.155369Z
10. Favoriten;Body 'N Soul;1;gym;fitness studio;;"Quellenstraße 126, 1100 Wien";https://maps.google.com/?cid=14262490143562432188&g_mp=Cidnb29nbGUubWFwcy5wbGFjZXMudjEuUGxhY2VzLlNlYXJjaFRleHQQAhgEIAA;OPERATIONAL;ChIJEVbkEsypbUcRvH6MOziL7sU;2026-05-21T13:25:21.155385Z
10. Favoriten;"Terrific Favoriten 1BR w/ Sauna, Elevator & Gym, by Blueground";0;lodging;sauna;;"1100 Wien, Österreich";https://maps.google.com/?cid=13152390083021427054&g_mp=Cidnb29nbGUubWFwcy5wbGFjZXMudjEuUGxhY2VzLlNlYXJjaFRleHQQAhgEIAA;OPERATIONAL;ChIJ0eOQ0NmpbUcRbtHcnRithrY;2026-05-21T13:25:21.155401Z
10. Favoriten;"Tasteful Favoriten 1BR w/ Sauna, Balcony & Co-Working, by Blueground";0;lodging;sauna;;"1100 Wien, Österreich";https://maps.google.com/?cid=14611871689556026296&g_mp=Cidnb29nbGUubWFwcy5wbGFjZXMudjEuUGxhY2VzLlNlYXJjaFRleHQQAhgEIAA;OPERATIONAL;ChIJYW-VTtGpbUcRuOOSd-LLx8o;2026-05-21T13:25:21.155396Z
11. Simmering;Herderpark;740;park;erholungszentrum;01 40008042;"Herderpark G, 1110 Wien";https://maps.google.com/?cid=7674573170020885543&g_mp=Cidnb29nbGUubWFwcy5wbGFjZXMudjEuUGxhY2VzLlNlYXJjaFRleHQQAhgEIAA;OPERATIONAL;ChIJ8danEPepbUcRJ6TW8aKPgWo;2026-05-21T13:25:21.155185Z
11. Simmering;Hyblerpark;557;park;erholungszentrum;;"Dopplergasse 2, 1110 Wien";https://maps.google.com/?cid=7991662032192426486&g_mp=Cidnb29nbGUubWFwcy5wbGFjZXMudjEuUGxhY2VzLlNlYXJjaFRleHQQAhgEIAA;OPERATIONAL;ChIJy5xnzP2pbUcR9lHO0UYW6G4;2026-05-21T13:25:21.155196Z
11. Simmering;Esref Time Friseur Deluxe;64;hair_salon;beauty salon;0664 1411418;"Simmeringer Hauptstraße 97, 1110 Wien";https://maps.google.com/?cid=1924827796097212918&g_mp=Cidnb29nbGUubWFwcy5wbGFjZXMudjEuUGxhY2VzLlNlYXJjaFRleHQQAhgEIAA;OPERATIONAL;ChIJp3erfACpbUcR9iEssK5ctho;2026-05-21T13:25:21.155210Z
11. Simmering;LN-Cosmetic;47;nail_salon;beauty salon;0699 10033535;"Unter der Kirche 13, 1110 Wien";https://maps.google.com/?cid=4586978964861594831&g_mp=Cidnb29nbGUubWFwcy5wbGFjZXMudjEuUGxhY2VzLlNlYXJjaFRleHQQAhgEIAA;OPERATIONAL;ChIJu7kHWfipbUcRz6zD0BA5qD8;2026-05-21T13:25:21.155221Z
11. Simmering;Stria Friseur - Fußpflege und Kosmetik Salon;38;hair_salon;beauty salon;01 7492389;"Simmeringer Hauptstraße 26, 1110 Wien";https://maps.google.com/?cid=4759539610272204391&g_mp=Cidnb29nbGUubWFwcy5wbGFjZXMudjEuUGxhY2VzLlNlYXJjaFRleHQQAhgEIAA;OPERATIONAL;ChIJ2UQdKf2pbUcRZwat9A5IDUI;2026-05-21T13:25:21.155228Z
11. Simmering;Beauty Galaxy Outer Limits;29;beauty_salon;beauty salon;01 7672731;"Etrichstraße 42, 1110 Wien";https://maps.google.com/?cid=5865379850011768210&g_mp=Cidnb29nbGUubWFwcy5wbGFjZXMudjEuUGxhY2VzLlNlYXJjaFRleHQQAhgEIAA;OPERATIONAL;ChIJuTeL0_WqbUcRknWvwOUDZlE;2026-05-21T13:25:21.155234Z
11. Simmering;Salon Nowela;21;foot_care;beauty salon;0660 8809222;"Sedlitzkygasse 40, 1110 Wien";https://maps.google.com/?cid=15272868242156226701&g_mp=Cidnb29nbGUubWFwcy5wbGFjZXMudjEuUGxhY2VzLlNlYXJjaFRleHQQAhgEIAA;OPERATIONAL;ChIJb5o9HfipbUcRjQgRQ78g9NM;2026-05-21T13:25:21.155244Z
11. Simmering;La Vienna Beauty Lounge;20;beauty_salon;beauty salon;;"Simmeringer Hauptstraße 37/1C, 1110 Wien";https://maps.google.com/?cid=5981179566161721318&g_mp=Cidnb29nbGUubWFwcy5wbGFjZXMudjEuUGxhY2VzLlNlYXJjaFRleHQQAhgEIAA;OPERATIONAL;ChIJ4SA39vypbUcR5vfkMiBrAVM;2026-05-21T13:25:21.155266Z
11. Simmering;Kleingartenverein Kaiserebersdorf;7;corporate_office;erholungszentrum;0699 17222891;"Klg bei Den Awaren, 1110 Wien";https://maps.google.com/?cid=4208757983134511438&g_mp=Cidnb29nbGUubWFwcy5wbGFjZXMudjEuUGxhY2VzLlNlYXJjaFRleHQQAhgEIAA;OPERATIONAL;ChIJZSKbxIiqbUcRTnFSMhaDaDo;2026-05-21T13:25:21.155273Z
11. Simmering;Gesundheits- und Sozialzentrum für den 3. und 11. Bezirk;1;medical_clinic;gesundheitszentrum;01 7403411800;"Simmeringer Hauptstraße 100, 1110 Wien";https://maps.google.com/?cid=6342704314600534034&g_mp=Cidnb29nbGUubWFwcy5wbGFjZXMudjEuUGxhY2VzLlNlYXJjaFRleHQQAhgEIAA;OPERATIONAL;ChIJRxyktQKqbUcREjAaE_jPBVg;2026-05-21T13:25:21.155301Z
11. Simmering;Manhattan Sportanlagen BetriebsgmbH & Co KG;1;gym;fitness studio;01 36873110;"Wildpretstraße 11, 1110 Wien";https://maps.google.com/?cid=9693038140407827824&g_mp=Cidnb29nbGUubWFwcy5wbGFjZXMudjEuUGxhY2VzLlNlYXJjaFRleHQQAhgEIAA;OPERATIONAL;ChIJg6KhYHWqbUcRcE1SMdWWhIY;2026-05-21T13:25:21.155287Z
12. Meidling;Hira Beauty Salon;120;beauty_salon;beauty salon;0660 5484678;"Um die Ecke, Meidlinger Hauptstraße 5/8, 1120 Wien";https://maps.google.com/?cid=2257147310505263449&g_mp=Cidnb29nbGUubWFwcy5wbGFjZXMudjEuUGxhY2VzLlNlYXJjaFRleHQQAhgEIAA;OPERATIONAL;ChIJ4WfPLcOpbUcRWQFlIIX_Uh8;2026-05-21T13:25:21.155004Z
12. Meidling;Jamile's Hair Beauty Salon;98;hair_salon;beauty salon;0699 10113948;"Längenfeldgasse 8, 1120 Wien";https://maps.google.com/?cid=11804004443635983860&g_mp=Cidnb29nbGUubWFwcy5wbGFjZXMudjEuUGxhY2VzLlNlYXJjaFRleHQQAhgEIAA;OPERATIONAL;ChIJt_2byZqpbUcR9CUOToA_0KM;2026-05-21T13:25:21.155017Z
12. Meidling;Mini Ladies Spa Wien;77;beauty_salon;"spa, day spa";0699 10078377;"Hainbuchenweg 3, 1120 Wien";https://maps.google.com/?cid=9729795159899880804&g_mp=Cidnb29nbGUubWFwcy5wbGFjZXMudjEuUGxhY2VzLlNlYXJjaFRleHQQAhgEIAA;OPERATIONAL;ChIJnxNMUgCpbUcRZL0lsyUtB4c;2026-05-21T13:25:21.155040Z
12. Meidling;Sabina Pudarevic;67;nail_salon;beauty salon;01 8150204;"Hufelandgasse 8, 1120 Wien";https://maps.google.com/?cid=6112837443236077860&g_mp=Cidnb29nbGUubWFwcy5wbGFjZXMudjEuUGxhY2VzLlNlYXJjaFRleHQQAhgEIAA;OPERATIONAL;ChIJu8g2zBaobUcRJCHLdUQp1VQ;2026-05-21T13:25:21.155047Z
12. Meidling;IF - Kosmetiksalon Frauendorfer Irene;47;beauty_salon;beauty salon;01 9958724;"Am Schöpfwerk 31/Stiege 5, 1120 Wien";https://maps.google.com/?cid=8826308262129742708&g_mp=Cidnb29nbGUubWFwcy5wbGFjZXMudjEuUGxhY2VzLlNlYXJjaFRleHQQAhgEIAA;OPERATIONAL;ChIJnZVMIFyobUcRdLNWwplYfXo;2026-05-21T13:25:21.155053Z
12. Meidling;Kasernenpark;38;park;erholungszentrum;;1120 Wien;https://maps.google.com/?cid=4791665727586939048&g_mp=Cidnb29nbGUubWFwcy5wbGFjZXMudjEuUGxhY2VzLlNlYXJjaFRleHQQAhgEIAA;OPERATIONAL;ChIJlXcc92qobUcRqLA7h5dqf0I;2026-05-21T13:25:21.155070Z
12. Meidling;K & M Massage und Wellnessfusspflege;23;massage_spa;"spa, massage, wellness center, day spa";01 8047171;"Kirchfeldgasse 30, 1120 Wien";https://maps.google.com/?cid=7487665093282910562&g_mp=Cidnb29nbGUubWFwcy5wbGFjZXMudjEuUGxhY2VzLlNlYXJjaFRleHQQAhgEIAA;OPERATIONAL;ChIJ8TPqyGKobUcRYlE4IruH6Wc;2026-05-21T13:25:21.155098Z
12. Meidling;Lotus Beauty Lounge;22;beauty_salon;beauty salon;0676 6117435;"Aichholzgasse 57, 1120 Wien";https://maps.google.com/?cid=2634630126405062676&g_mp=Cidnb29nbGUubWFwcy5wbGFjZXMudjEuUGxhY2VzLlNlYXJjaFRleHQQAhgEIAA;OPERATIONAL;ChIJQw7EMdSpbUcRFJDqHiQWkCQ;2026-05-21T13:25:21.155107Z
12. Meidling;SWK 1120;14;sports_activity_location;erholungszentrum;;1120 Wien;https://maps.google.com/?cid=17329963313318831453&g_mp=Cidnb29nbGUubWFwcy5wbGFjZXMudjEuUGxhY2VzLlNlYXJjaFRleHQQAhgEIAA;OPERATIONAL;ChIJAQBQL1mobUcRXaXrvNBlgPA;2026-05-21T13:25:21.155113Z
12. Meidling;Lili - Wellness;12;massage_spa;"spa, massage, wellness center, day spa";0681 10418818;"Ratschkygasse 22, 1120 Wien";https://maps.google.com/?cid=15876789998829984244&g_mp=Cidnb29nbGUubWFwcy5wbGFjZXMudjEuUGxhY2VzLlNlYXJjaFRleHQQAhgEIAA;OPERATIONAL;ChIJDwvN4ySpbUcR9Fm8lWKwVdw;2026-05-21T13:25:21.155121Z
12. Meidling;Power Plate;11;gym;fitness studio;000;"Meidlinger Hauptstraße 51-53, 1120 Wien";https://maps.google.com/?cid=13710682228331707688&g_mp=Cidnb29nbGUubWFwcy5wbGFjZXMudjEuUGxhY2VzLlNlYXJjaFRleHQQAhgEIAA;OPERATIONAL;ChIJMfJdbxWobUcRKP34J9ggRr4;2026-05-21T13:25:21.155143Z
12. Meidling;Gesundheitszentrum Süd;9;bus_stop;gesundheitszentrum;;"1120 Wien, Österreich";https://maps.google.com/?cid=5400611789319874783&g_mp=Cidnb29nbGUubWFwcy5wbGFjZXMudjEuUGxhY2VzLlNlYXJjaFRleHQQAhgEIAA;OPERATIONAL;ChIJrcag40iobUcR36gyCM_T8ko;2026-05-21T13:25:21.155152Z
12. Meidling;Gesundheitszentrum Hetzendorf;2;medical_center;gesundheitszentrum;01 8047030;"Hetzendorfer Str. 52-54, 1120 Wien";https://maps.google.com/?cid=14437166441780308188&g_mp=Cidnb29nbGUubWFwcy5wbGFjZXMudjEuUGxhY2VzLlNlYXJjaFRleHQQAhgEIAA;OPERATIONAL;ChIJk2qtuWWobUcR3GiBLWMeW8g;2026-05-21T13:25:21.155164Z
13. Hietzing;Outdoor-Fitness-Park Roter Berg;33;gym;fitness studio;;"Tolstojgasse, 1130 Wien";https://maps.google.com/?cid=6441203331498124732&g_mp=Cidnb29nbGUubWFwcy5wbGFjZXMudjEuUGxhY2VzLlNlYXJjaFRleHQQAhgEIAA;OPERATIONAL;ChIJDyKnYr-nbUcRvCUClE3AY1k;2026-05-21T13:25:21.154907Z
13. Hietzing;Lainzer Teich;29;fishing_pond;erholungszentrum;;"Hermesstraße, 1130 Wien";https://maps.google.com/?cid=8198603033344939344&g_mp=Cidnb29nbGUubWFwcy5wbGFjZXMudjEuUGxhY2VzLlNlYXJjaFRleHQQAhgEIAA;OPERATIONAL;ChIJvb2tjCmnbUcRUBX3UAVKx3E;2026-05-21T13:25:21.154926Z
13. Hietzing;Skin Lounge;15;beauty_salon;beauty salon;0699 12303601;"Auhofstraße 58, Ecke, Fleschgasse, 1130 Wien";https://maps.google.com/?cid=13151995720106178327&g_mp=Cidnb29nbGUubWFwcy5wbGFjZXMudjEuUGxhY2VzLlNlYXJjaFRleHQQAhgEIAA;OPERATIONAL;ChIJ6TlCgbOnbUcRF_di2GxGhbY;2026-05-21T13:25:21.154943Z
13. Hietzing;Lina Beauty Lash Studio & Academy;12;beauty_salon;beauty salon;0660 4740735;"Gemeindeberggasse 16/5/1, 1130 Wien";https://maps.google.com/?cid=3964995549428660379&g_mp=Cidnb29nbGUubWFwcy5wbGFjZXMudjEuUGxhY2VzLlNlYXJjaFRleHQQAhgEIAA;OPERATIONAL;ChIJM-sZ2nGnbUcRmziz23F-Bjc;2026-05-21T13:25:21.154950Z
13. Hietzing;Blinden- und Sehbehindertenverband;2;association_or_organization;erholungszentrum;01 9827584201;"Hietzing, Hietzinger Kai 85/3.OG, 1130 Wien";https://maps.google.com/?cid=15175405219037209844&g_mp=Cidnb29nbGUubWFwcy5wbGFjZXMudjEuUGxhY2VzLlNlYXJjaFRleHQQAhgEIAA;OPERATIONAL;ChIJaSa7Se6nbUcR9GRS26TemdI;2026-05-21T13:25:21.154956Z
13. Hietzing;Praxis an der Wien - Hietzing;0;physiotherapist;massage;0699 19235969;"Eduard-Klein-Gasse 13/2, 1130 Wien";https://maps.google.com/?cid=9661675284590071586&g_mp=Cidnb29nbGUubWFwcy5wbGFjZXMudjEuUGxhY2VzLlNlYXJjaFRleHQQAhgEIAA;OPERATIONAL;ChIJ-cqIn6CnbUcRIo8pSXsqFYY;2026-05-21T13:25:21.154972Z
13. Hietzing;"Villa mit privater Sauna und Jacuzzi, 8 Minuten vom Schloss Schönbrunn. - Three-Bedroom Villa";0;lodging;sauna;;"1230 Wien, Österreich";https://maps.google.com/?cid=3077700619677516998&g_mp=Cidnb29nbGUubWFwcy5wbGFjZXMudjEuUGxhY2VzLlNlYXJjaFRleHQQAhgEIAA;OPERATIONAL;ChIJT2FpuoeobUcRxsTgQGgwtio;2026-05-21T13:25:21.154987Z
14. Penzing;Steinhofwiese Schlittenfahrt;94;wildlife_refuge;erholungszentrum;;"Unnamed Road, 1140, 1140 Wien";https://maps.google.com/?cid=9395235020132847572&g_mp=Cidnb29nbGUubWFwcy5wbGFjZXMudjEuUGxhY2VzLlNlYXJjaFRleHQQAhgEIAA;OPERATIONAL;ChIJqXu4ji4IbUcR1A9UBHmUYoI;2026-05-21T13:25:21.154827Z
14. Penzing;Beauty Salon By Lejdis;42;beauty_salon;beauty salon;0660 6920642;"Penzinger Str. 41, 1140 Wien";https://maps.google.com/?cid=10175089442839584957&g_mp=Cidnb29nbGUubWFwcy5wbGFjZXMudjEuUGxhY2VzLlNlYXJjaFRleHQQAhgEIAA;OPERATIONAL;ChIJf7s-SP2nbUcRveBHNvAtNY0;2026-05-21T13:25:21.154838Z
14. Penzing;Activity Shape;3;fitness_center;fitness studio;01 4198721;"Linzer Str. 178, 1140 Wien";https://maps.google.com/?cid=15594522934804412089&g_mp=Cidnb29nbGUubWFwcy5wbGFjZXMudjEuUGxhY2VzLlNlYXJjaFRleHQQAhgEIAA;OPERATIONAL;ChIJBUua2vOnbUcRufayYvzfatg;2026-05-21T13:25:21.154855Z
14. Penzing;Body-Relax;2;massage_spa;"spa, wellness center, day spa";0681 20886506;"Johnstraße 5, 1140 Wien";https://maps.google.com/?cid=6980612220107936797&g_mp=Cidnb29nbGUubWFwcy5wbGFjZXMudjEuUGxhY2VzLlNlYXJjaFRleHQQAhgEIAA;OPERATIONAL;ChIJNzwa66OpbUcRHdRITtQd4GA;2026-05-21T13:25:21.154867Z
14. Penzing;Massage;1;massage;massage;;"Linzer Str. 340, 1140 Wien";https://maps.google.com/?cid=16170239336700492642&g_mp=Cidnb29nbGUubWFwcy5wbGFjZXMudjEuUGxhY2VzLlNlYXJjaFRleHQQAhgEIAA;OPERATIONAL;ChIJs2lkuzGnbUcRYrsUzQA7aOA;2026-05-21T13:25:21.154876Z
14. Penzing;Gesundheitszentrum Gerstnerstraße;1;point_of_interest;"gesundheitszentrum, erholungszentrum";01 4065715;"Gerstnerstraße 3, 1150 Wien";https://maps.google.com/?cid=8878282679693425654&g_mp=Cidnb29nbGUubWFwcy5wbGFjZXMudjEuUGxhY2VzLlNlYXJjaFRleHQQAhgEIAA;OPERATIONAL;ChIJGzhMjPUHbUcR9juh2g7_NXs;2026-05-21T13:25:21.154886Z
14. Penzing;Massage by Dancs Wien;0;massage;massage;0664 75020211;"Gyrowetzgasse 2, 1140 Wien";https://maps.google.com/?cid=17053191834418494275&g_mp=Cidnb29nbGUubWFwcy5wbGFjZXMudjEuUGxhY2VzLlNlYXJjaFRleHQQAhgEIAA;OPERATIONAL;ChIJr_nvAESpbUcRQzsbKZ8bqew;2026-05-21T13:25:21.154897Z
15. Rudolfsheim-Fünfhaus;MedSpine1150;102;medical_clinic;gesundheitszentrum;0667 7902200;"Märzstraße 1, 1150 Wien";https://maps.google.com/?cid=10607964682987661280&g_mp=Cidnb29nbGUubWFwcy5wbGFjZXMudjEuUGxhY2VzLlNlYXJjaFRleHQQAhgEIAA;OPERATIONAL;ChIJ-aRDUwAHbUcR4Gde_6wPN5M;2026-05-21T13:25:21.154675Z
15. Rudolfsheim-Fünfhaus;Institut für Physikalische Medizin Wien-West;55;medical_clinic;gesundheitszentrum;01 9851508;"Märzstraße 28, 1150 Wien";https://maps.google.com/?cid=17532031344235347163&g_mp=Cidnb29nbGUubWFwcy5wbGFjZXMudjEuUGxhY2VzLlNlYXJjaFRleHQQAhgEIAA;OPERATIONAL;ChIJwdNqWfcHbUcR23wpcJ5JTvM;2026-05-21T13:25:21.154682Z
15. Rudolfsheim-Fünfhaus;Renate Kosmetik;53;beauty_salon;beauty salon;01 9858622;"Benedikt-Schellinger-Gasse 19, 1150 Wien";https://maps.google.com/?cid=18252116457568972326&g_mp=Cidnb29nbGUubWFwcy5wbGFjZXMudjEuUGxhY2VzLlNlYXJjaFRleHQQAhgEIAA;OPERATIONAL;ChIJz8UoKPgHbUcRJq513DaLTP0;2026-05-21T13:25:21.154693Z
15. Rudolfsheim-Fünfhaus;Beauty Lounge Monika;30;beauty_salon;beauty salon;0699 10713335;"Mariahilfer Str. 203, 1150 Wien";https://maps.google.com/?cid=17048547256263077385&g_mp=Cidnb29nbGUubWFwcy5wbGFjZXMudjEuUGxhY2VzLlNlYXJjaFRleHQQAhgEIAA;OPERATIONAL;ChIJmbsTfhyobUcRCW4FCmebmOw;2026-05-21T13:25:21.154702Z
15. Rudolfsheim-Fünfhaus;Kosmetikinstitut MBeauty;18;beauty_salon;beauty salon;;"Hütteldorfer Str. 105, 1150 Wien";https://maps.google.com/?cid=15808075159609399565&g_mp=Cidnb29nbGUubWFwcy5wbGFjZXMudjEuUGxhY2VzLlNlYXJjaFRleHQQAhgEIAA;OPERATIONAL;ChIJ10oGDrkJbUcRDdkxV5qQYds;2026-05-21T13:25:21.154715Z
15. Rudolfsheim-Fünfhaus;Niny Beauty;13;beautician;beauty salon;0667 7750806;"Huglgasse 11, 1150 Wien";https://maps.google.com/?cid=12387719428503862335&g_mp=Cidnb29nbGUubWFwcy5wbGFjZXMudjEuUGxhY2VzLlNlYXJjaFRleHQQAhgEIAA;OPERATIONAL;ChIJcTGNHTQHbUcRP3wt8S8F6qs;2026-05-21T13:25:21.154721Z
15. Rudolfsheim-Fünfhaus;Studio Natali Wien;6;massage;massage;0688 60876657;"Sechshauser Str. 19/C, 1150 Wien";https://maps.google.com/?cid=4795334910633810316&g_mp=Cidnb29nbGUubWFwcy5wbGFjZXMudjEuUGxhY2VzLlNlYXJjaFRleHQQAhgEIAA;OPERATIONAL;ChIJQw95_RiobUcRjJlbx7FzjEI;2026-05-21T13:25:21.154731Z
15. Rudolfsheim-Fünfhaus;Emeline Gaufreteau - Heilmassage & gewerbliche Massage;4;massage;massage;0681 81369244;"Jurekgasse 30B, 1150 Wien";https://maps.google.com/?cid=1622927553318999163&g_mp=Cidnb29nbGUubWFwcy5wbGFjZXMudjEuUGxhY2VzLlNlYXJjaFRleHQQAhgEIAA;OPERATIONAL;ChIJX3VkhyupbUcRe9TF1wLMhRY;2026-05-21T13:25:21.154738Z
15. Rudolfsheim-Fünfhaus;Fleur Beauty Salon;4;beauty_salon;beauty salon;0699 11505550;"Hütteldorfer Str. 81, 1150 Wien";https://maps.google.com/?cid=3780588367530914023&g_mp=Cidnb29nbGUubWFwcy5wbGFjZXMudjEuUGxhY2VzLlNlYXJjaFRleHQQAhgEIAA;OPERATIONAL;ChIJ-6fCZFcHbUcR53CnABdZdzQ;2026-05-21T13:25:21.154768Z
15. Rudolfsheim-Fünfhaus;Élevé Studio;3;fitness_center;fitness studio;0681 81282718;"Neubaugürtel 29, 1150 Wien";https://maps.google.com/?cid=11131246916912013939&g_mp=Cidnb29nbGUubWFwcy5wbGFjZXMudjEuUGxhY2VzLlNlYXJjaFRleHQQAhgEIAA;OPERATIONAL;ChIJ-V2BIuEHbUcRc-KzVRgiepo;2026-05-21T13:25:21.154789Z
15. Rudolfsheim-Fünfhaus;Calisthenics Park Henriettenplatz;1;gym;fitness studio;;"Henriettenpl. 4, 1150 Wien";https://maps.google.com/?cid=8805644269234579092&g_mp=Cidnb29nbGUubWFwcy5wbGFjZXMudjEuUGxhY2VzLlNlYXJjaFRleHQQAhgEIAA;OPERATIONAL;ChIJWftfOoypbUcRlGYu_s7uM3o;2026-05-21T13:25:21.154797Z
15. Rudolfsheim-Fünfhaus;Studio jurekgasse;0;massage;massage;0688 64328317;"Jurekgasse 7, 1150 Wien";https://maps.google.com/?cid=7900124765347674976&g_mp=Cidnb29nbGUubWFwcy5wbGFjZXMudjEuUGxhY2VzLlNlYXJjaFRleHQQAhgEIAA;OPERATIONAL;ChIJa0oEucqpbUcRYHvQD57hom0;2026-05-21T13:25:21.154807Z
15. Rudolfsheim-Fünfhaus;"Hip Rudolfsheim-Fünfhaus 2BR w/ Sauna & Roof, nr U6, by Blueground";0;lodging;sauna;;"1150 Wien, Österreich";https://maps.google.com/?cid=16036947277858249722&g_mp=Cidnb29nbGUubWFwcy5wbGFjZXMudjEuUGxhY2VzLlNlYXJjaFRleHQQAhgEIAA;OPERATIONAL;ChIJq5sQHxyobUcR-pto8pSujt4;2026-05-21T13:25:21.154816Z
16. Ottakring;Monika Barta Cosmetics;96;beauty_salon;beauty salon;0681 81362269;"Haberlgasse 47/1-4, 1160 Wien";https://maps.google.com/?cid=16780269464500205642&g_mp=Cidnb29nbGUubWFwcy5wbGFjZXMudjEuUGxhY2VzLlNlYXJjaFRleHQQAhgEIAA;OPERATIONAL;ChIJCwdRFwAHbUcRSnjeGix-3-g;2026-05-21T13:25:21.154617Z
16. Ottakring;Beauty by Antonija & Crew;45;hair_salon;beauty salon;0660 3888415;"Thaliastraße 111, 1160 Wien";https://maps.google.com/?cid=8461446456613353066&g_mp=Cidnb29nbGUubWFwcy5wbGFjZXMudjEuUGxhY2VzLlNlYXJjaFRleHQQAhgEIAA;OPERATIONAL;ChIJKxEirsYJbUcRajZtvLgYbXU;2026-05-21T13:25:21.154626Z
16. Ottakring;Ebru Tankaz Beauty;28;beauty_salon;beauty salon;0660 5067856;"Thaliastraße 12, 1160 Wien";https://maps.google.com/?cid=17503613216842242828&g_mp=Cidnb29nbGUubWFwcy5wbGFjZXMudjEuUGxhY2VzLlNlYXJjaFRleHQQAhgEIAA;OPERATIONAL;ChIJ99TcPR8HbUcRDNu2i3tT6fI;2026-05-21T13:25:21.154632Z
16. Ottakring;Magic Style;13;hair_salon;beauty salon;0681 10877502;"Ottakringer Str. 29/7a, 1160 Wien";https://maps.google.com/?cid=1975348631021861873&g_mp=Cidnb29nbGUubWFwcy5wbGFjZXMudjEuUGxhY2VzLlNlYXJjaFRleHQQAhgEIAA;OPERATIONAL;ChIJ_6MVcrwHbUcR8bucMx3ZaRs;2026-05-21T13:25:21.154644Z
16. Ottakring;Gym BumBum;1;gym;fitness studio;;"Haymerlegasse 27, 1160 Wien";https://maps.google.com/?cid=6831498155518390546&g_mp=Cidnb29nbGUubWFwcy5wbGFjZXMudjEuUGxhY2VzLlNlYXJjaFRleHQQAhgEIAA;OPERATIONAL;ChIJ5ccmTNkHbUcREvFoq2Bbzl4;2026-05-21T13:25:21.154655Z
16. Ottakring;Gesundheitszentrum Ottakring;0;doctor;gesundheitszentrum;01 4920055;"Ottakringer Str. 151, 1160 Wien";https://maps.google.com/?cid=7145319297119063579&g_mp=Cidnb29nbGUubWFwcy5wbGFjZXMudjEuUGxhY2VzLlNlYXJjaFRleHQQAhgEIAA;OPERATIONAL;ChIJP1Msog4IbUcRG46GDwtGKWM;2026-05-21T13:25:21.154665Z
17. Hernals;LyLy Nails Nagelstudio;244;nail_salon;beauty salon;0660 6686999;"Ottakringer Str. 94, 1170 Wien";https://maps.google.com/?cid=8563711920705689917&g_mp=Cidnb29nbGUubWFwcy5wbGFjZXMudjEuUGxhY2VzLlNlYXJjaFRleHQQAhgEIAA;OPERATIONAL;ChIJM42ZHGsHbUcRPdlwkJ5q2HY;2026-05-21T13:25:21.154463Z
17. Hernals;Kasa Hair Beautysalon;88;hair_salon;beauty salon;0677 62471558;"Kalvarienberggasse 49, 1170 Wien";https://maps.google.com/?cid=16818459214131579294&g_mp=Cidnb29nbGUubWFwcy5wbGFjZXMudjEuUGxhY2VzLlNlYXJjaFRleHQQAhgEIAA;OPERATIONAL;ChIJsbhg1UsHbUcRnkm1F4wrZ-k;2026-05-21T13:25:21.154472Z
17. Hernals;Jade Nail Bar;44;nail_salon;beauty salon;0681 10775926;"Hernalser Hauptstraße 7, 1170 Wien";https://maps.google.com/?cid=12352415551549123242&g_mp=Cidnb29nbGUubWFwcy5wbGFjZXMudjEuUGxhY2VzLlNlYXJjaFRleHQQAhgEIAA;OPERATIONAL;ChIJ3xfeSxQHbUcRqqoYjH-YbKs;2026-05-21T13:25:21.154480Z
17. Hernals;Salon Brigitte;36;beauty_salon;beauty salon;0664 4508404;"Wilhelm-Exner-Gasse 25, 1090 Wien";https://maps.google.com/?cid=16242089398271301899&g_mp=Cidnb29nbGUubWFwcy5wbGFjZXMudjEuUGxhY2VzLlNlYXJjaFRleHQQAhgEIAA;OPERATIONAL;ChIJ6cAnHt0HbUcRC1kZ4kB-Z-E;2026-05-21T13:25:21.154489Z
17. Hernals;Massagefachinstitut Stadlmann;21;massage;massage;01 4847542;"Braungasse 1, 1170 Wien";https://maps.google.com/?cid=14792847820925114904&g_mp=Cidnb29nbGUubWFwcy5wbGFjZXMudjEuUGxhY2VzLlNlYXJjaFRleHQQAhgEIAA;OPERATIONAL;ChIJlyLh12sIbUcRGBqnnrfASs0;2026-05-21T13:25:21.154501Z
17. Hernals;Marisa Gassner;14;beauty_salon;beauty salon;01 4087953;"Ottakringer Str. 9, 1170 Wien";https://maps.google.com/?cid=1046643617989688845&g_mp=Cidnb29nbGUubWFwcy5wbGFjZXMudjEuUGxhY2VzLlNlYXJjaFRleHQQAhgEIAA;OPERATIONAL;ChIJHYQEAugHbUcRDX60QNNshg4;2026-05-21T13:25:21.154510Z
17. Hernals;ZHAO Energie-Therapie;12;wellness_center;"spa, wellness center";0664 9155696;"Taubergasse 43, 1170 Wien";https://maps.google.com/?cid=7036103888010554887&g_mp=Cidnb29nbGUubWFwcy5wbGFjZXMudjEuUGxhY2VzLlNlYXJjaFRleHQQAhgEIAA;OPERATIONAL;ChIJ0-ijiN8HbUcRBy6dDzVDpWE;2026-05-21T13:25:21.154544Z
17. Hernals;Moo Nuad Thai;6;massage;massage;0676 3706845;"Rötzergasse 65, 1170 Wien";https://maps.google.com/?cid=15779152143282827504&g_mp=Cidnb29nbGUubWFwcy5wbGFjZXMudjEuUGxhY2VzLlNlYXJjaFRleHQQAhgEIAA;OPERATIONAL;ChIJJ_drWf0JbUcR8HA31UXP-to;2026-05-21T13:25:21.154555Z
17. Hernals;BeautyClub & Academy Marcella;4;beauty_salon;beauty salon;0660 4767183;"Lacknergasse 9/3, 1170 Wien";https://maps.google.com/?cid=2309383164215400474&g_mp=Cidnb29nbGUubWFwcy5wbGFjZXMudjEuUGxhY2VzLlNlYXJjaFRleHQQAhgEIAA;OPERATIONAL;ChIJxbiywcgHbUcRGphTkcCTDCA;2026-05-21T13:25:21.154564Z
17. Hernals;T.I.W Gesundheitszentrum;3;point_of_interest;gesundheitszentrum;;"Alsgasse 6, 1170 Wien";https://maps.google.com/?cid=5096862844286577726&g_mp=Cidnb29nbGUubWFwcy5wbGFjZXMudjEuUGxhY2VzLlNlYXJjaFRleHQQAhgEIAA;OPERATIONAL;ChIJD5mtNWgIbUcRPqyWpsCxu0Y;2026-05-21T13:25:21.154581Z
17. Hernals;Aromamassage;3;point_of_interest;massage;;"Hormayrgasse 13, 1170 Wien";https://maps.google.com/?cid=9569334381467166683&g_mp=Cidnb29nbGUubWFwcy5wbGFjZXMudjEuUGxhY2VzLlNlYXJjaFRleHQQAhgEIAA;OPERATIONAL;ChIJsV-pGN8HbUcR22dIYOsazYQ;2026-05-21T13:25:21.154571Z
17. Hernals;Ärzte Haus Hernals;2;point_of_interest;gesundheitszentrum;;"Hernalser Hauptstraße 101, 1170 Wien";https://maps.google.com/?cid=5352714943367018729&g_mp=Cidnb29nbGUubWFwcy5wbGFjZXMudjEuUGxhY2VzLlNlYXJjaFRleHQQAhgEIAA;OPERATIONAL;ChIJp9midXUIbUcR6fhQj-GpSEo;2026-05-21T13:25:21.154590Z
17. Hernals;Erika Studio;1;massage_spa;massage;0681 20275166;"Frauengasse 1, 1170 Wien";https://maps.google.com/?cid=14301373778821310447&g_mp=Cidnb29nbGUubWFwcy5wbGFjZXMudjEuUGxhY2VzLlNlYXJjaFRleHQQAhgEIAA;OPERATIONAL;ChIJW1RzHeEHbUcR7-e6Dq6veMY;2026-05-21T13:25:21.154599Z
17. Hernals;Eleni's Beauty & Spa;0;beauty_salon;beauty salon;0690 10421864;"Sautergasse 20, 1170 Wien";https://maps.google.com/?cid=7031145878449721522&g_mp=Cidnb29nbGUubWFwcy5wbGFjZXMudjEuUGxhY2VzLlNlYXJjaFRleHQQAhgEIAA;OPERATIONAL;ChIJGVKfZoMJbUcRspDygOylk2E;2026-05-21T13:25:21.154606Z
18. Währing;Friseur SKY beauty;49;hair_salon;beauty salon;01 2902811;"Währinger Str. 71, 1180 Wien";https://maps.google.com/?cid=6563788398924926065&g_mp=Cidnb29nbGUubWFwcy5wbGFjZXMudjEuUGxhY2VzLlNlYXJjaFRleHQQAhgEIAA;OPERATIONAL;ChIJNcs8RwAHbUcRcQzAusVCF1s;2026-05-21T13:25:21.154430Z
18. Währing;Ärztezentrum;0;medical_clinic;gesundheitszentrum;07494 690075;"Gymnasiumstraße 50, 1190 Wien";https://maps.google.com/?cid=10906948591126841234&g_mp=Cidnb29nbGUubWFwcy5wbGFjZXMudjEuUGxhY2VzLlNlYXJjaFRleHQQAhgEIAA;OPERATIONAL;ChIJq3xeHuUHbUcRkgeQxfRDXZc;2026-05-21T13:25:21.154452Z
18. Währing;Sportunion Fitnesscenter für Damen;0;gym;fitness studio;0660 1946666;"Kreuzg. 18, 1180 Wien";https://maps.google.com/?cid=5771180794719834296&g_mp=Cidnb29nbGUubWFwcy5wbGFjZXMudjEuUGxhY2VzLlNlYXJjaFRleHQQAhgEIAA;OPERATIONAL;ChIJnfVI_doHbUcRuBDVE1taF1A;2026-05-21T13:25:21.154441Z
19. Döbling;Christa Fußpflege;107;foot_care;beauty salon;01 3684286;"Budinskygasse 14, 1190 Wien";https://maps.google.com/?cid=17803321560991011256&g_mp=Cidnb29nbGUubWFwcy5wbGFjZXMudjEuUGxhY2VzLlNlYXJjaFRleHQQAhgEIAA;OPERATIONAL;ChIJL6_It4MIbUcRuBHsOKIaEvc;2026-05-21T13:25:21.154329Z
19. Döbling;Q Beauty & Nails;35;nail_salon;beauty salon;0664 3981071;"Grinzinger Str. 112, 1190 Wien";https://maps.google.com/?cid=9416950102940322315&g_mp=Cidnb29nbGUubWFwcy5wbGFjZXMudjEuUGxhY2VzLlNlYXJjaFRleHQQAhgEIAA;OPERATIONAL;ChIJFbRz7BQHbUcRCwpWuTm6r4I;2026-05-21T13:25:21.154336Z
19. Döbling;Nadja Nail Care;30;nail_salon;beauty salon;0664 2340866;"Billrothstraße 60, 1190 Wien";https://maps.google.com/?cid=4524411299846295732&g_mp=Cidnb29nbGUubWFwcy5wbGFjZXMudjEuUGxhY2VzLlNlYXJjaFRleHQQAhgEIAA;OPERATIONAL;ChIJmUXswi4GbUcRtBAaGRvwyT4;2026-05-21T13:25:21.154346Z
19. Döbling;Manhattan Fitness Restaurant Und Sqash;28;fitness_center;"sauna, fitness studio";01 3674291;"Heiligenstädter Lände 17, 1190 Wien";https://maps.google.com/?cid=10353842595894543119&g_mp=Cidnb29nbGUubWFwcy5wbGFjZXMudjEuUGxhY2VzLlNlYXJjaFRleHQQAhgEIAA;OPERATIONAL;ChIJwUE82zYGbUcRD0Oa5Ps8sI8;2026-05-21T13:25:21.154358Z
19. Döbling;Sportunion Döbling;15;sports_club;sauna;01 3674128;"Billrothstraße 24, 1190 Wien";https://maps.google.com/?cid=6126661137978983047&g_mp=Cidnb29nbGUubWFwcy5wbGFjZXMudjEuUGxhY2VzLlNlYXJjaFRleHQQAhgEIAA;OPERATIONAL;ChIJxSETsi0GbUcRh4JtNNhFBlU;2026-05-21T13:25:21.154370Z
19. Döbling;Tijana Beauty Studio;15;beauty_salon;beauty salon;0670 6071120;"Heiligenstädter Str. 171, 1190 Wien";https://maps.google.com/?cid=13245186976563556967&g_mp=Cidnb29nbGUubWFwcy5wbGFjZXMudjEuUGxhY2VzLlNlYXJjaFRleHQQAhgEIAA;OPERATIONAL;ChIJRT_ea2YHbUcRZ3KzEWFb0Lc;2026-05-21T13:25:21.154380Z
19. Döbling;Bellezza E Salute;7;beauty_salon;beauty salon;0680 2477465;"Billrothstraße 79A/5, 1190 Wien";https://maps.google.com/?cid=8630470306728296246&g_mp=Cidnb29nbGUubWFwcy5wbGFjZXMudjEuUGxhY2VzLlNlYXJjaFRleHQQAhgEIAA;OPERATIONAL;ChIJieGr4icGbUcRNr8YjQSXxXc;2026-05-21T13:25:21.154388Z
19. Döbling;eG Fitness GmbH;0;gym;fitness studio;01 8901212;"Billrothstraße 2, 1190 Wien";https://maps.google.com/?cid=5023989474857353461&g_mp=Cidnb29nbGUubWFwcy5wbGFjZXMudjEuUGxhY2VzLlNlYXJjaFRleHQQAhgEIAA;OPERATIONAL;ChIJy94LyjIGbUcR9YAsJM_LuEU;2026-05-21T13:25:21.154420Z
19. Döbling;Tondokluck Asian Massage;0;massage;massage;0650 9879625;"Heiligenstädter Str. 32/106, 1190 Wien";https://maps.google.com/?cid=15204090985414661363&g_mp=Cidnb29nbGUubWFwcy5wbGFjZXMudjEuUGxhY2VzLlNlYXJjaFRleHQQAhgEIAA;OPERATIONAL;ChIJAVN4kpUHbUcR8xRcTjLI_9I;2026-05-21T13:25:21.154397Z
19. Döbling;Massage Sekanina;0;massage;massage;0676 6021812;"Döblinger Hauptstraße 48/50, 1190 Wien";https://maps.google.com/?cid=15106675329507166508&g_mp=Cidnb29nbGUubWFwcy5wbGFjZXMudjEuUGxhY2VzLlNlYXJjaFRleHQQAhgEIAA;OPERATIONAL;ChIJ198OQjIGbUcRLIlucCyxpdE;2026-05-21T13:25:21.154406Z
1. Innere Stadt;Beauty Wave;40;beauty_salon;beauty salon;01 5320730;"Rotenturmstraße 22/Top 22 5 Stock, 1010 Wien";https://maps.google.com/?cid=393235811776798769&g_mp=Cidnb29nbGUubWFwcy5wbGFjZXMudjEuUGxhY2VzLlNlYXJjaFRleHQQAhgEIAA;OPERATIONAL;ChIJJQH-0pgHbUcRMSDrKeMNdQU;2026-05-21T13:25:21.155417Z
1. Innere Stadt;Bahar Sahan Beauty Salon;30;beauty_salon;beauty salon;0676 4843620;"Singerstraße 2/Top 15, Stock 7, 1010 Wien";https://maps.google.com/?cid=12232430045637637942&g_mp=Cidnb29nbGUubWFwcy5wbGFjZXMudjEuUGxhY2VzLlNlYXJjaFRleHQQAhgEIAA;OPERATIONAL;ChIJh9-Eh28HbUcRNvcL-lBSwqk;2026-05-21T13:25:21.155430Z
1. Innere Stadt;Zentralbad (Wien);23;historical_place;sauna;;1010 Wien;https://maps.google.com/?cid=4190518091644710434&g_mp=Cidnb29nbGUubWFwcy5wbGFjZXMudjEuUGxhY2VzLlNlYXJjaFRleHQQAhgEIAA;OPERATIONAL;ChIJj-drEJ8HbUcRIq5UhQC2Jzo;2026-05-21T13:25:21.155447Z
1. Innere Stadt;Vaya Health Club;23;gym;erholungszentrum;0677 62056013;"Friedrichstraße 6/Tür 15, 1010 Wien";https://maps.google.com/?cid=12944080914066516419&g_mp=Cidnb29nbGUubWFwcy5wbGFjZXMudjEuUGxhY2VzLlNlYXJjaFRleHQQAhgEIAA;OPERATIONAL;ChIJbWwLq88HbUcRwynZugKdorM;2026-05-21T13:25:21.155457Z
1. Innere Stadt;Dimove - Body Health Fitness;3;gym;fitness studio;0664 5272477;"Seitenstettengasse 5, 1010 Wien";https://maps.google.com/?cid=4138462984242192398&g_mp=Cidnb29nbGUubWFwcy5wbGFjZXMudjEuUGxhY2VzLlNlYXJjaFRleHQQAhgEIAA;OPERATIONAL;ChIJe2ddl6EHbUcRDuDbWyjGbjk;2026-05-21T13:25:21.155470Z
1. Innere Stadt;Wien;2;massage_spa;"spa, wellness center, day spa";;"Herrengasse 5, 1010 Wien";https://maps.google.com/?cid=10959825173854291790&g_mp=Cidnb29nbGUubWFwcy5wbGFjZXMudjEuUGxhY2VzLlNlYXJjaFRleHQQAhgEIAA;OPERATIONAL;ChIJh9imFAAHbUcRTgf4j-0eGZg;2026-05-21T13:25:21.155492Z
1. Innere Stadt;Erholungszentrum;1;;erholungszentrum;;"Neubaugasse 82, 1070 Wien";https://maps.google.com/?cid=9791928297252267518&g_mp=Cidnb29nbGUubWFwcy5wbGFjZXMudjEuUGxhY2VzLlNlYXJjaFRleHQQAhgEIAA;OPERATIONAL;ChIJs8pgwXcHbUcR_iXRD-jq44c;2026-05-21T13:25:21.155513Z
1. Innere Stadt;ganz Mensch;1;government_office;erholungszentrum;0677 61589426;"Dominikanerbastei 21/46, 1010 Wien";https://maps.google.com/?cid=18197272528643712535&g_mp=Cidnb29nbGUubWFwcy5wbGFjZXMudjEuUGxhY2VzLlNlYXJjaFRleHQQAhgEIAA;OPERATIONAL;ChIJG7-BTUYHbUcRF2bIlvOyifw;2026-05-21T13:25:21.155529Z
1. Innere Stadt;Gesundheitszentrum Habsburgergasse;1;health;gesundheitszentrum;01 5331080;"Habsburgergasse 10/4. Stock, 1010 Wien";https://maps.google.com/?cid=18329971643555766579&g_mp=Cidnb29nbGUubWFwcy5wbGFjZXMudjEuUGxhY2VzLlNlYXJjaFRleHQQAhgEIAA;OPERATIONAL;ChIJbac0_JgHbUcRM-Ef7RckYf4;2026-05-21T13:25:21.155501Z
20. Brigittenau;Lyly Nails Nagel Studio;430;nail_salon;beauty salon;0660 8818668;"Wallensteinstraße 29, 1200 Wien";https://maps.google.com/?cid=17209391324949238580&g_mp=Cidnb29nbGUubWFwcy5wbGFjZXMudjEuUGxhY2VzLlNlYXJjaFRleHQQAhgEIAA;OPERATIONAL;ChIJydtBXbMHbUcRNNNJFDsK1O4;2026-05-21T13:25:21.154024Z
20. Brigittenau;Divine Beauty & Nails Studio;114;nail_salon;beauty salon;0676 3633721;"Klosterneuburger Str. 98, 1200 Wien";https://maps.google.com/?cid=5435649808557530616&g_mp=Cidnb29nbGUubWFwcy5wbGFjZXMudjEuUGxhY2VzLlNlYXJjaFRleHQQAhgEIAA;OPERATIONAL;ChIJa7ez-zUGbUcR-N19mrNOb0s;2026-05-21T13:25:21.154033Z
20. Brigittenau;Physikalisches Institut Brigittenau;113;medical_clinic;gesundheitszentrum;01 3325151;"Dresdner Str. 38/40, 1200 Wien";https://maps.google.com/?cid=15176147115801100422&g_mp=Cidnb29nbGUubWFwcy5wbGFjZXMudjEuUGxhY2VzLlNlYXJjaFRleHQQAhgEIAA;OPERATIONAL;ChIJFcwYDk8GbUcRhsBkKGWBnNI;2026-05-21T13:25:21.154042Z
20. Brigittenau;Go2Sun Sonnenstudio & Nagelstudio;63;tanning_studio;beauty salon;0699 12760001;"Klosterneuburger Str. 49, 1200 Wien";https://maps.google.com/?cid=6090845950507957711&g_mp=Cidnb29nbGUubWFwcy5wbGFjZXMudjEuUGxhY2VzLlNlYXJjaFRleHQQAhgEIAA;OPERATIONAL;ChIJOwv-KLUHbUcRzz2nDR8Ih1Q;2026-05-21T13:25:21.154050Z
20. Brigittenau;Heilmasseur Kamil Gajowniczek;42;massage;massage;0677 62342258;"Pasettistraße 27/4, 1200 Wien";https://maps.google.com/?cid=6852506920321312979&g_mp=Cidnb29nbGUubWFwcy5wbGFjZXMudjEuUGxhY2VzLlNlYXJjaFRleHQQAhgEIAA;OPERATIONAL;ChIJsfPM1PAHbUcR02io5rz-GF8;2026-05-21T13:25:21.154060Z
20. Brigittenau;Fußpflege Kosmetik Salon Theresa;24;beauty_salon;beauty salon;01 3307493;"Treustraße 26, 1200 Wien";https://maps.google.com/?cid=4323781828543125751&g_mp=Cidnb29nbGUubWFwcy5wbGFjZXMudjEuUGxhY2VzLlNlYXJjaFRleHQQAhgEIAA;OPERATIONAL;ChIJMX_3WLQHbUcR9xiaKKooATw;2026-05-21T13:25:21.154067Z
20. Brigittenau;Aphrodite Beauty salon;20;beauty_salon;beauty salon;0699 00000000;"Wallensteinstraße 42, 1200 Wien";https://maps.google.com/?cid=12576949766268340879&g_mp=Cidnb29nbGUubWFwcy5wbGFjZXMudjEuUGxhY2VzLlNlYXJjaFRleHQQAhgEIAA;OPERATIONAL;ChIJ1dUgDZIHbUcRj0pbSC1Niq4;2026-05-21T13:25:21.154073Z
20. Brigittenau;beauty by denisa;11;beauty_salon;beauty salon;;"Jägerstraße 21/top 1, 1200 Wien";https://maps.google.com/?cid=8437193366693665761&g_mp=Cidnb29nbGUubWFwcy5wbGFjZXMudjEuUGxhY2VzLlNlYXJjaFRleHQQAhgEIAA;OPERATIONAL;ChIJCW-jUYMHbUcR4dsOM6ruFnU;2026-05-21T13:25:21.154079Z
20. Brigittenau;Paco F. Schmid;4;massage;massage;01 3336990;"Brigittapl. 20, 1200 Wien";https://maps.google.com/?cid=5150734905092169054&g_mp=Cidnb29nbGUubWFwcy5wbGFjZXMudjEuUGxhY2VzLlNlYXJjaFRleHQQAhgEIAA;OPERATIONAL;ChIJZ-Gpu0wGbUcRXl05PhsWe0c;2026-05-21T13:25:21.154088Z
20. Brigittenau;Stefan Laner;3;massage;massage;;"Klosterneuburger Str. 93/97, 1200 Wien";https://maps.google.com/?cid=2505548253865146375&g_mp=Cidnb29nbGUubWFwcy5wbGFjZXMudjEuUGxhY2VzLlNlYXJjaFRleHQQAhgEIAA;OPERATIONAL;ChIJK5TUeZSgbUcRB3g7p9x-xSI;2026-05-21T13:25:21.154095Z
20. Brigittenau;"Shiatsu, Schröpfen & Massage bei Monika Bestereimer";2;massage;massage;0664 2130230;"Adalbert-Stifter-Straße 21/2/33, 1200 Wien";https://maps.google.com/?cid=3622377875903188064&g_mp=Cidnb29nbGUubWFwcy5wbGFjZXMudjEuUGxhY2VzLlNlYXJjaFRleHQQAhgEIAA;OPERATIONAL;ChIJA6HsPTYGbUcRYIxxZ3xFRTI;2026-05-21T13:25:21.154112Z
20. Brigittenau;Bioenergetik Wellness;2;wellness_center;"massage, wellness center";;"Dresdner Str. 112a, 1200 Wien";https://maps.google.com/?cid=4969154066634365431&g_mp=Cidnb29nbGUubWFwcy5wbGFjZXMudjEuUGxhY2VzLlNlYXJjaFRleHQQAhgEIAA;OPERATIONAL;ChIJWQ7Yk1MGbUcR99ntv0v79UQ;2026-05-21T13:25:21.154102Z
20. Brigittenau;Gutes Leben ist besser - Petra Payer;2;health;erholungszentrum;0677 61242938;"Wolfsaugasse 10/5, 1200 Wien";https://maps.google.com/?cid=11521944156628233680&g_mp=Cidnb29nbGUubWFwcy5wbGFjZXMudjEuUGxhY2VzLlNlYXJjaFRleHQQAhgEIAA;OPERATIONAL;ChIJl8U2dLQHbUcR0K22ISor5p8;2026-05-21T13:25:21.154126Z
20. Brigittenau;Gesundenuntersuchungsstelle 20 (Herz-Kreislauf-Zentrum) MA 15;0;doctor;gesundheitszentrum;01 3331677;"Romanogasse 27, 1200 Wien";https://maps.google.com/?cid=18252039042504068325&g_mp=Cidnb29nbGUubWFwcy5wbGFjZXMudjEuUGxhY2VzLlNlYXJjaFRleHQQAhgEIAA;OPERATIONAL;ChIJAWkC6koGbUcR5QwEQ85ETP0;2026-05-21T13:25:21.154140Z
20. Brigittenau;Pensionistenverband Österreichs;0;lodging;erholungszentrum;01 330383920;"Raffaelgasse 11, 1200 Wien";https://maps.google.com/?cid=15798549555214245877&g_mp=Cidnb29nbGUubWFwcy5wbGFjZXMudjEuUGxhY2VzLlNlYXJjaFRleHQQAhgEIAA;OPERATIONAL;ChIJMfDRgUsGbUcR9V_zvB25P9s;2026-05-21T13:25:21.154147Z
20. Brigittenau;My Beauty By Arzu Akin;0;beauty_salon;beauty salon;;"Wallensteinstraße 42, 1200 Wien";https://maps.google.com/?cid=1867772058456652432&g_mp=Cidnb29nbGUubWFwcy5wbGFjZXMudjEuUGxhY2VzLlNlYXJjaFRleHQQAhgEIAA;OPERATIONAL;ChIJC_zfLbMHbUcRkHq1kcqo6xk;2026-05-21T13:25:21.154133Z
21. Floridsdorf;Bellgassensteg;135;tourist_attraction;erholungszentrum;01 4040018620;"Bellgasse 25, 1210 Wien";https://maps.google.com/?cid=11189560835560716221&g_mp=Cidnb29nbGUubWFwcy5wbGFjZXMudjEuUGxhY2VzLlNlYXJjaFRleHQQAhgEIAA;OPERATIONAL;ChIJWd_GtHIGbUcRvTc4jEtOSZs;2026-05-21T13:25:21.153891Z
21. Floridsdorf;Aupark Jedlesee;115;park;erholungszentrum;0650 6915379;"Christian-Bucher-Gasse 4, 1210 Wien";https://maps.google.com/?cid=1571678554751489596&g_mp=Cidnb29nbGUubWFwcy5wbGFjZXMudjEuUGxhY2VzLlNlYXJjaFRleHQQAhgEIAA;OPERATIONAL;ChIJg1j9XTgHbUcRPNYPhVG5zxU;2026-05-21T13:25:21.153898Z
21. Floridsdorf;Spielplatz Tomaschekstraße;97;playground;erholungszentrum;;1210 Wien;https://maps.google.com/?cid=256835202263491706&g_mp=Cidnb29nbGUubWFwcy5wbGFjZXMudjEuUGxhY2VzLlNlYXJjaFRleHQQAhgEIAA;OPERATIONAL;ChIJ_wwzKuQFbUcReiS7dEF2kAM;2026-05-21T13:25:21.153904Z
21. Floridsdorf;Friseur&KosmetikstudioJ&J;61;beauty_salon;beauty salon;01 2702802;"Donaufelder Str. 15, 1210 Wien";https://maps.google.com/?cid=4244617495861220760&g_mp=Cidnb29nbGUubWFwcy5wbGFjZXMudjEuUGxhY2VzLlNlYXJjaFRleHQQAhgEIAA;OPERATIONAL;ChIJyb0pi4gGbUcRmFU3oB_p5zo;2026-05-21T13:25:21.153914Z
21. Floridsdorf;"Beauty and Care Theresia e.U. Fußpflege, Kosmetik, Lash and Browlifting";35;beauty_salon;beauty salon;0670 3516076;"Bei Carolashes/Noblelashes anläuten bei Beauty and Care, Donaufelder Str. 115/1/1, 1210 Wien";https://maps.google.com/?cid=7775005791741032373&g_mp=Cidnb29nbGUubWFwcy5wbGFjZXMudjEuUGxhY2VzLlNlYXJjaFRleHQQAhgEIAA;OPERATIONAL;ChIJR1y-_FMHbUcRtTdU55Je5ms;2026-05-21T13:25:21.153922Z
21. Floridsdorf;Su Massage;32;massage;massage;0677 63637485;"Prager Str. 21a, 1210 Wien";https://maps.google.com/?cid=13027963889505941624&g_mp=Cidnb29nbGUubWFwcy5wbGFjZXMudjEuUGxhY2VzLlNlYXJjaFRleHQQAhgEIAA;OPERATIONAL;ChIJm0OiN-sHbUcReDie5CGgzLQ;2026-05-21T13:25:21.153936Z
21. Floridsdorf;Diamond Beauty & More;31;beauty_salon;beauty salon;0676 4022648;"Überfuhrstraße, 1210 Wien";https://maps.google.com/?cid=15773893860012743537&g_mp=Cidnb29nbGUubWFwcy5wbGFjZXMudjEuUGxhY2VzLlNlYXJjaFRleHQQAhgEIAA;OPERATIONAL;ChIJ48XNYf4HbUcRcVvGWuQg6No;2026-05-21T13:25:21.153942Z
21. Floridsdorf;Aktiv Park;31;gym;fitness studio;;"Überfuhrstraße, 1210 Wien";https://maps.google.com/?cid=3632322117564863223&g_mp=Cidnb29nbGUubWFwcy5wbGFjZXMudjEuUGxhY2VzLlNlYXJjaFRleHQQAhgEIAA;OPERATIONAL;ChIJOx6rHeAFbUcR95I_l7iZaDI;2026-05-21T13:25:21.153951Z
21. Floridsdorf;Sananda-Farm;28;hotel;erholungszentrum;0664 3010969;"Wolfgang-Riese-Gasse 6, 1210 Wien";https://maps.google.com/?cid=1343658281851705667&g_mp=Cidnb29nbGUubWFwcy5wbGFjZXMudjEuUGxhY2VzLlNlYXJjaFRleHQQAhgEIAA;OPERATIONAL;ChIJj8CZLoUGbUcRQ1lInRaipRI;2026-05-21T13:25:21.153958Z
21. Floridsdorf;FKK Floridsdorf;24;sports_activity_location;sauna;;"An der Neuen Donau, 1210 Wien";https://maps.google.com/?cid=15158671711823094828&g_mp=Cidnb29nbGUubWFwcy5wbGFjZXMudjEuUGxhY2VzLlNlYXJjaFRleHQQAhgEIAA;OPERATIONAL;ChIJldROkAgGbUcRLGT6mZtrXtI;2026-05-21T13:25:21.153968Z
21. Floridsdorf;Beauty Center SAN;16;nail_salon;beauty salon;0677 62274236;"Brünner Str. 138/4, 1210 Wien";https://maps.google.com/?cid=1417370600433335781&g_mp=Cidnb29nbGUubWFwcy5wbGFjZXMudjEuUGxhY2VzLlNlYXJjaFRleHQQAhgEIAA;OPERATIONAL;ChIJYwcbpXYFbUcR5T3pMQ2DqxM;2026-05-21T13:25:21.153975Z
21. Floridsdorf;"Deine Quintessenz * Claudia Orsario-Hanauer | Heilmassage, Gewerbliche Massagen & Energetik-Sitzungen";3;massage;"massage, wellness center";0667 4476633;"Leopoldauer Str. 27/Tür 11, 1210 Wien";https://maps.google.com/?cid=17429417348260016292&g_mp=Cidnb29nbGUubWFwcy5wbGFjZXMudjEuUGxhY2VzLlNlYXJjaFRleHQQAhgEIAA;OPERATIONAL;ChIJj3iyOsgHbUcRpLARtbu64fE;2026-05-21T13:25:21.153984Z
21. Floridsdorf;Reya Thai Spa;2;spa;"spa, wellness center";0664 5425088;"Leopoldauer Pl. 21, 1210 Wien";https://maps.google.com/?cid=6859367872349547828&g_mp=Cidnb29nbGUubWFwcy5wbGFjZXMudjEuUGxhY2VzLlNlYXJjaFRleHQQAhgEIAA;OPERATIONAL;ChIJ6elPZg0FbUcRNC0fx7xeMV8;2026-05-21T13:25:21.153993Z
21. Floridsdorf;"Beauty Salon @usmex, kosmetik and Nails";1;nail_salon;beauty salon;0660 2226159;"Kantnergasse 49/1, 1210 Wien";https://maps.google.com/?cid=10142981291218154338&g_mp=Cidnb29nbGUubWFwcy5wbGFjZXMudjEuUGxhY2VzLlNlYXJjaFRleHQQAhgEIAA;OPERATIONAL;ChIJXSg30pUtsK0RYrN9mr4bw4w;2026-05-21T13:25:21.154014Z
21. Floridsdorf;Tibetan Sorig Center;1;wellness_center;wellness center;0660 7786109;"Donaufelder Str. 101/3/2, 1210 Wien";https://maps.google.com/?cid=5932766545018672155&g_mp=Cidnb29nbGUubWFwcy5wbGFjZXMudjEuUGxhY2VzLlNlYXJjaFRleHQQAhgEIAA;OPERATIONAL;ChIJy1frCpAGbUcRG9QoU71rVVI;2026-05-21T13:25:21.154004Z
22. Donaustadt;Physikalisches Institut Donauzentrum GmbH;133;store;gesundheitszentrum;01 2032388;"Siebeckstraße 7/3, 1220 Wien";https://maps.google.com/?cid=4932855898402721035&g_mp=Cidnb29nbGUubWFwcy5wbGFjZXMudjEuUGxhY2VzLlNlYXJjaFRleHQQAhgEIAA;OPERATIONAL;ChIJARFJUL8GbUcRCw184E0GdUQ;2026-05-21T13:25:21.153820Z
22. Donaustadt;Jin Yang Massage;33;massage;massage;0681 81196455;"Wagramer Str. 23/1/1/1a, 1220 Wien";https://maps.google.com/?cid=11305630812643747824&g_mp=Cidnb29nbGUubWFwcy5wbGFjZXMudjEuUGxhY2VzLlNlYXJjaFRleHQQAhgEIAA;OPERATIONAL;ChIJDcnXLOgGbUcR8GdXBVOr5Zw;2026-05-21T13:25:21.153827Z
22. Donaustadt;Freibad Donaustadt;13;sports_complex;erholungszentrum;;"Portnergasse 40, 1220 Wien";https://maps.google.com/?cid=2226343866981196599&g_mp=Cidnb29nbGUubWFwcy5wbGFjZXMudjEuUGxhY2VzLlNlYXJjaFRleHQQAhgEIAA;OPERATIONAL;ChIJ-3GoebcGbUcRN6NIi_OP5R4;2026-05-21T13:25:21.153838Z
22. Donaustadt;Workout Park;11;gym;fitness studio;;"Kanalstraße, 1220 Wien";https://maps.google.com/?cid=17175033860912789356&g_mp=Cidnb29nbGUubWFwcy5wbGFjZXMudjEuUGxhY2VzLlNlYXJjaFRleHQQAhgEIAA;OPERATIONAL;ChIJV6lZRZYBbUcRbDcDnUz6We4;2026-05-21T13:25:21.153855Z
22. Donaustadt;Dipl. Shiatsu Praktikerin Daniela Binder;9;wellness_center;wellness center;0699 17101416;"Hirschstettner Str. 122 A, 1220 Wien";https://maps.google.com/?cid=9764323754398022499&g_mp=Cidnb29nbGUubWFwcy5wbGFjZXMudjEuUGxhY2VzLlNlYXJjaFRleHQQAhgEIAA;OPERATIONAL;ChIJvzWZ1jsBbUcRY3vNlLjYgYc;2026-05-21T13:25:21.153869Z
22. Donaustadt;Naturfreunde Freizeitzentrum;2;point_of_interest;erholungszentrum;;"An der unteren Alten Donau 51, 1220 Wien";https://maps.google.com/?cid=12459849522057331807&g_mp=Cidnb29nbGUubWFwcy5wbGFjZXMudjEuUGxhY2VzLlNlYXJjaFRleHQQAhgEIAA;OPERATIONAL;ChIJI-VRJMUGbUcRX0QMDSBH6qw;2026-05-21T13:25:21.153875Z
22. Donaustadt;Mr. Manfred Hebenstreit;1;sports_activity_location;sauna;0664 2308382;"Breitenleer Str. 273, 1220 Wien";https://maps.google.com/?cid=4596394169397246758&g_mp=Cidnb29nbGUubWFwcy5wbGFjZXMudjEuUGxhY2VzLlNlYXJjaFRleHQQAhgEIAA;OPERATIONAL;ChIJ1Z_EimIBbUcRJnuZ8iSsyT8;2026-05-21T13:25:21.153884Z
23. Liesing;Erholungsgebiet Kellerberg;107;park;erholungszentrum;;"Siebenhirten, 1230 Wien";https://maps.google.com/?cid=10402495989125582952&g_mp=Cidnb29nbGUubWFwcy5wbGFjZXMudjEuUGxhY2VzLlNlYXJjaFRleHQQAhgEIAA;OPERATIONAL;ChIJI11RxbGpbUcRaJBBwfwWXZA;2026-05-21T13:25:21.153742Z
23. Liesing;Beauty & TianDe;63;hair_salon;beauty salon;0676 3425797;"Carlbergergasse 105 /5/1, 1230 Wien";https://maps.google.com/?cid=18221021627254485572&g_mp=Cidnb29nbGUubWFwcy5wbGFjZXMudjEuUGxhY2VzLlNlYXJjaFRleHQQAhgEIAA;OPERATIONAL;ChIJ1THGspSobUcRRLI2gaES3vw;2026-05-21T13:25:21.153760Z
23. Liesing;Meggie's Beauty Place;46;foot_care;beauty salon;0660 2906080;"Kaltenleutgebner Str. 24/Stiege 8 Tür 1.D, 1230 Wien";https://maps.google.com/?cid=15897415180921262977&g_mp=Cidnb29nbGUubWFwcy5wbGFjZXMudjEuUGxhY2VzLlNlYXJjaFRleHQQAhgEIAA;OPERATIONAL;ChIJ2djFwRWlbUcRgdO2AeH2ntw;2026-05-21T13:25:21.153769Z
23. Liesing;VIP Style Kosmetik;37;hair_salon;beauty salon;0676 5760277;"Breitenfurter Str. 174, 1230 Wien";https://maps.google.com/?cid=740603458447984072&g_mp=Cidnb29nbGUubWFwcy5wbGFjZXMudjEuUGxhY2VzLlNlYXJjaFRleHQQAhgEIAA;OPERATIONAL;ChIJD5wTDwKpbUcRyMU37OsmRwo;2026-05-21T13:25:21.153778Z
23. Liesing;Kosmetikpalette Inh. Natalie Steigner;37;beauty_salon;beauty salon;01 8891803;"Ketzergasse 376/382, 1230 Wien";https://maps.google.com/?cid=11386826862410092667&g_mp=Cidnb29nbGUubWFwcy5wbGFjZXMudjEuUGxhY2VzLlNlYXJjaFRleHQQAhgEIAA;OPERATIONAL;ChIJE1KdJw6mbUcRe1DUjLMiBp4;2026-05-21T13:25:21.153786Z
23. Liesing;Elly‘s Beautybox;15;beauty_salon;beauty salon;0676 6722985;"Seligmanngasse 23, 1230 Wien";https://maps.google.com/?cid=12774051611735070061&g_mp=Cidnb29nbGUubWFwcy5wbGFjZXMudjEuUGxhY2VzLlNlYXJjaFRleHQQAhgEIAA;OPERATIONAL;ChIJhR01ZrmpbUcRbZX500KMRrE;2026-05-21T13:25:21.153794Z
23. Liesing;Stroissnig Elisabeth & Roman Massagefachinstitut;1;massage;massage;01 8659440;"Levasseurgasse 17, 1230 Wien";https://maps.google.com/?cid=9198542867951994903&g_mp=Cidnb29nbGUubWFwcy5wbGFjZXMudjEuUGxhY2VzLlNlYXJjaFRleHQQAhgEIAA;OPERATIONAL;ChIJmbUGr5uobUcRF0h7nwDKp38;2026-05-21T13:25:21.153803Z
23. Liesing;Gesundheitszentrum Mauer;1;point_of_interest;gesundheitszentrum;;"Geßlgasse 19, 1230 Wien";https://maps.google.com/?cid=16302732569279394294&g_mp=Cidnb29nbGUubWFwcy5wbGFjZXMudjEuUGxhY2VzLlNlYXJjaFRleHQQAhgEIAA;OPERATIONAL;ChIJCVswjjymbUcR9vEWbOXwPuI;2026-05-21T13:25:21.153810Z
2. Leopoldstadt;Mawien Beauty;244;beauty_salon;beauty salon;0664 5744461;"Vorgartenstraße 178, 1020 Wien";https://maps.google.com/?cid=17755120659905774072&g_mp=Cidnb29nbGUubWFwcy5wbGFjZXMudjEuUGxhY2VzLlNlYXJjaFRleHQQAhgEIAA;OPERATIONAL;ChIJi6iXe_QHbUcR-AHiZSvcZvY;2026-05-21T13:25:21.154166Z
2. Leopoldstadt;Eingang Augarten Nordpolstraße;56;park;erholungszentrum;;"Lampigasse 23, 1020 Wien";https://maps.google.com/?cid=16911470246499902259&g_mp=Cidnb29nbGUubWFwcy5wbGFjZXMudjEuUGxhY2VzLlNlYXJjaFRleHQQAhgEIAA;OPERATIONAL;ChIJLQSCeawHbUcRM-M2oJacseo;2026-05-21T13:25:21.154178Z
2. Leopoldstadt;ZIMAR;41;beauty_salon;beauty salon;0660 1124278;"Ob. Donaustraße 1, 1020 Wien";https://maps.google.com/?cid=13361363173785676576&g_mp=Cidnb29nbGUubWFwcy5wbGFjZXMudjEuUGxhY2VzLlNlYXJjaFRleHQQAhgEIAA;OPERATIONAL;ChIJeT4y_q8HbUcRICt72AMZbbk;2026-05-21T13:25:21.154196Z
2. Leopoldstadt;Move-Center;20;gym;fitness studio;0660 4707756;"Ybbsstraße 3, 1020 Wien";https://maps.google.com/?cid=2802550162764853559&g_mp=Cidnb29nbGUubWFwcy5wbGFjZXMudjEuUGxhY2VzLlNlYXJjaFRleHQQAhgEIAA;OPERATIONAL;ChIJVXFCipgHbUcRN_HPRIao5CY;2026-05-21T13:25:21.154214Z
2. Leopoldstadt;Thai Spa 1020 Wien;18;massage;"spa, massage, wellness center, day spa, hammam";0680 1568979;"Taborstraße 52B/Lokal1, 1020 Wien";https://maps.google.com/?cid=10056056661072881127&g_mp=Cidnb29nbGUubWFwcy5wbGFjZXMudjEuUGxhY2VzLlNlYXJjaFRleHQQAhgEIAA;OPERATIONAL;ChIJHYJSnTcJbUcR5yVzBEFKjos;2026-05-21T13:25:21.154236Z
2. Leopoldstadt;Skinbeautique;9;beauty_salon;beauty salon;0676 7625982;"Glockengasse 25c, 1020 Wien";https://maps.google.com/?cid=8710746535275346605&g_mp=Cidnb29nbGUubWFwcy5wbGFjZXMudjEuUGxhY2VzLlNlYXJjaFRleHQQAhgEIAA;OPERATIONAL;ChIJ57lro38HbUcRrTqNg9LJ4ng;2026-05-21T13:25:21.154244Z
2. Leopoldstadt;Massage Iris Hollerer - point to relax;5;massage_spa;"spa, massage, day spa";0699 12625275;"Am Tabor 13, Stiege 3 Tür 11, 1020 Wien";https://maps.google.com/?cid=9121539454932460927&g_mp=Cidnb29nbGUubWFwcy5wbGFjZXMudjEuUGxhY2VzLlNlYXJjaFRleHQQAhgEIAA;OPERATIONAL;ChIJoYK5Sg8HbUcRf6X1Z843ln4;2026-05-21T13:25:21.154257Z
2. Leopoldstadt;Mavie Health Hub;0;wellness_center;wellness center;;"Untere Donaustraße 21, 1020 Wien";https://maps.google.com/?cid=11998391180230408362&g_mp=Cidnb29nbGUubWFwcy5wbGFjZXMudjEuUGxhY2VzLlNlYXJjaFRleHQQAhgEIAA;OPERATIONAL;ChIJ048VmVQHbUcRqjjQTTXZgqY;2026-05-21T13:25:21.154274Z
2. Leopoldstadt;Impfzentrum Karmelitergasse;0;medical_clinic;gesundheitszentrum;01 400035339;"Karmelitergasse 9, 1020 Wien";https://maps.google.com/?cid=3166641859127155483&g_mp=Cidnb29nbGUubWFwcy5wbGFjZXMudjEuUGxhY2VzLlNlYXJjaFRleHQQAhgEIAA;OPERATIONAL;ChIJn8KrJxgHbUcRGxsoSP4r8is;2026-05-21T13:25:21.154318Z
2. Leopoldstadt;"Sunny Leopoldstadt 1BR w/ Gym & Sauna, near U2, by Blueground";0;lodging;sauna;;"1020 Wien, Österreich";https://maps.google.com/?cid=6605312662726691330&g_mp=Cidnb29nbGUubWFwcy5wbGFjZXMudjEuUGxhY2VzLlNlYXJjaFRleHQQAhgEIAA;OPERATIONAL;ChIJSWSrbzQHbUcRAso2zN7Iqls;2026-05-21T13:25:21.154290Z
3. Landstraße;J's Beauty Salon;151;beauty_salon;beauty salon;0664 2302957;"Beatrixgasse 4, 1030 Wien";https://maps.google.com/?cid=813817399653479165&g_mp=Cidnb29nbGUubWFwcy5wbGFjZXMudjEuUGxhY2VzLlNlYXJjaFRleHQQAhgEIAA;OPERATIONAL;ChIJs4fRXFkHbUcR_bJg-pxCSws;2026-05-21T13:25:21.153531Z
3. Landstraße;Wien Mitte;39;transit_station;erholungszentrum;;"Landstraßer Hauptstraße 1b, 1030 Wien";https://maps.google.com/?cid=10476218966915187548&g_mp=Cidnb29nbGUubWFwcy5wbGFjZXMudjEuUGxhY2VzLlNlYXJjaFRleHQQAhgEIAA;OPERATIONAL;ChIJidEjenMHbUcRXIMwIKUBY5E;2026-05-21T13:25:21.153554Z
3. Landstraße;Gesundheitsvorsorgezentrum des Gesundheitsdienstes;28;local_government_office;gesundheitszentrum;01 400087600;"Erdbergstraße 135, 1030 Wien";https://maps.google.com/?cid=8214320335801827092&g_mp=Cidnb29nbGUubWFwcy5wbGFjZXMudjEuUGxhY2VzLlNlYXJjaFRleHQQAhgEIAA;OPERATIONAL;ChIJ0ygG_qYHbUcRFD-89tIg_3E;2026-05-21T13:25:21.153579Z
3. Landstraße;Kattariya Thai Massage;25;massage;massage;0680 3281931;"Rennweg 34, 1030 Wien";https://maps.google.com/?cid=15145081815433918215&g_mp=Cidnb29nbGUubWFwcy5wbGFjZXMudjEuUGxhY2VzLlNlYXJjaFRleHQQAhgEIAA;OPERATIONAL;ChIJ5zfhVvgHbUcRB7cqR6sjLtI;2026-05-21T13:25:21.153617Z
3. Landstraße;Der Ruheraum;2;massage_spa;wellness center;0650 6344811;"Salesianergasse 3, 1030 Wien";https://maps.google.com/?cid=12197958902174510743&g_mp=Cidnb29nbGUubWFwcy5wbGFjZXMudjEuUGxhY2VzLlNlYXJjaFRleHQQAhgEIAA;OPERATIONAL;ChIJsdUiCXoHbUcRl-7sdP7aR6k;2026-05-21T13:25:21.153648Z
3. Landstraße;freeGym;2;gym;fitness studio;;"Hainburger Str. 14, 1030 Wien";https://maps.google.com/?cid=16930439954804053398&g_mp=Cidnb29nbGUubWFwcy5wbGFjZXMudjEuUGxhY2VzLlNlYXJjaFRleHQQAhgEIAA;OPERATIONAL;ChIJAUFpbRgHbUcRlhUtBXAB9eo;2026-05-21T13:25:21.153700Z
3. Landstraße;Apostel Fitness;2;fitness_center;fitness studio;0678 1317778;"Apostelgasse 18, 1030 Wien";https://maps.google.com/?cid=10952036774309767750&g_mp=Cidnb29nbGUubWFwcy5wbGFjZXMudjEuUGxhY2VzLlNlYXJjaFRleHQQAhgEIAA;OPERATIONAL;ChIJJzEfpA4HbUcRRqq_e2tz_Zc;2026-05-21T13:25:21.153667Z
3. Landstraße;Lotus Massage;1;massage_spa;"spa, massage, wellness center, day spa";0677 63811286;"Hainburgerstraße 39, Keinergasse 4, 1030 Wien";https://maps.google.com/?cid=17088754616043391529&g_mp=Cidnb29nbGUubWFwcy5wbGFjZXMudjEuUGxhY2VzLlNlYXJjaFRleHQQAhgEIAA;OPERATIONAL;ChIJ6zP1PxpcXQQRKUoVf8hzJ-0;2026-05-21T13:25:21.153731Z
4. Wieden;Sino Spa;158;massage_spa;"spa, massage, wellness center, day spa";01 9962114;"Prinz-Eugen-Straße 74, 1040 Wien";https://maps.google.com/?cid=10690472177569369416&g_mp=Cidnb29nbGUubWFwcy5wbGFjZXMudjEuUGxhY2VzLlNlYXJjaFRleHQQAhgEIAA;OPERATIONAL;ChIJoyixRH0HbUcRSA04Ec4vXJQ;2026-05-21T13:25:21.153437Z
4. Wieden;Kulasa Cosmetics;99;beauty_salon;beauty salon;;"Weyringergasse 15/17, 1040 Wien";https://maps.google.com/?cid=11528346781672951785&g_mp=Cidnb29nbGUubWFwcy5wbGFjZXMudjEuUGxhY2VzLlNlYXJjaFRleHQQAhgEIAA;OPERATIONAL;ChIJaatsW92pbUcR6U8icVHq_J8;2026-05-21T13:25:21.153453Z
4. Wieden;YI-GESUNDHEITS-MASSAGE;23;massage_spa;"massage, spa, wellness center, day spa";0677 62148158;"Wehrgasse 22/1, 1050 Wien";https://maps.google.com/?cid=197595535358049597&g_mp=Cidnb29nbGUubWFwcy5wbGFjZXMudjEuUGxhY2VzLlNlYXJjaFRleHQQAhgEIAA;OPERATIONAL;ChIJdUQybUsHbUcRPT04rhcAvgI;2026-05-21T13:25:21.153492Z
4. Wieden;Serene Spa Retreat;1;spa;wellness center;096 057 1750;"Mommsengasse 17, 1040 Wien";https://maps.google.com/?cid=4049873031580107384&g_mp=Cidnb29nbGUubWFwcy5wbGFjZXMudjEuUGxhY2VzLlNlYXJjaFRleHQQAhgEIAA;OPERATIONAL;ChIJ97g5Lb4HbUcReELEqBAKNDg;2026-05-21T13:25:21.153509Z
5. Margareten;Wientalterrassen;454;park;erholungszentrum;;"Rechte Wienzeile 117, 1050 Wien";https://maps.google.com/?cid=3551591281110549133&g_mp=Cidnb29nbGUubWFwcy5wbGFjZXMudjEuUGxhY2VzLlNlYXJjaFRleHQQAhgEIAA;OPERATIONAL;ChIJqa110CeobUcRjQL4-XPJSTE;2026-05-21T13:25:21.153235Z
5. Margareten;Vock Kosmetikstudio;63;beauty_salon;beauty salon;01 5442341;"Reinprechtsdorfer Str. 52, 1050 Wien";https://maps.google.com/?cid=7425516357286965418&g_mp=Cidnb29nbGUubWFwcy5wbGFjZXMudjEuUGxhY2VzLlNlYXJjaFRleHQQAhgEIAA;OPERATIONAL;ChIJUZnURy-obUcRqjDx7ci7DGc;2026-05-21T13:25:21.153254Z
5. Margareten;Elham Sanaei;62;beauty_salon;beauty salon;0660 4030810;"Reinprechtsdorfer Str. 21, 1050 Wien";https://maps.google.com/?cid=5232252887681880174&g_mp=Cidnb29nbGUubWFwcy5wbGFjZXMudjEuUGxhY2VzLlNlYXJjaFRleHQQAhgEIAA;OPERATIONAL;ChIJudya_i6obUcRblBKmUeynEg;2026-05-21T13:25:21.153262Z
5. Margareten;REHA-MED Institut für physikalische Medizin Margareten GmbH;57;medical_center;gesundheitszentrum;01 5454456;"Schönbrunner Str. 143, 1050 Wien";https://maps.google.com/?cid=11345026989329108270&g_mp=Cidnb29nbGUubWFwcy5wbGFjZXMudjEuUGxhY2VzLlNlYXJjaFRleHQQAhgEIAA;OPERATIONAL;ChIJk8hP9SOobUcRLk0uMvChcZ0;2026-05-21T13:25:21.153280Z
5. Margareten;neunerhaus Gesundheitszentrum;35;doctor;gesundheitszentrum;01 9900909500;"Margaretenstraße 166/EG, 1050 Wien";https://maps.google.com/?cid=15466989570807546584&g_mp=Cidnb29nbGUubWFwcy5wbGFjZXMudjEuUGxhY2VzLlNlYXJjaFRleHQQAhgEIAA;OPERATIONAL;ChIJt003iCSobUcR2MKnKBHJpdY;2026-05-21T13:25:21.153313Z
5. Margareten;Kosmetik Fußpflege Gabriela;27;foot_care;beauty salon;01 5869563;"Strobachgasse 11, 1050 Wien";https://maps.google.com/?cid=18408302885157331649&g_mp=Cidnb29nbGUubWFwcy5wbGFjZXMudjEuUGxhY2VzLlNlYXJjaFRleHQQAhgEIAA;OPERATIONAL;ChIJH_CdnocHbUcRweKZU_Ftd_8;2026-05-21T13:25:21.153322Z
5. Margareten;Mrs. Sabine Weber;13;beauty_salon;beauty salon;01 5863131;"Ziegelofengasse 10, 1050 Wien";https://maps.google.com/?cid=9417552152851438285&g_mp=Cidnb29nbGUubWFwcy5wbGFjZXMudjEuUGxhY2VzLlNlYXJjaFRleHQQAhgEIAA;OPERATIONAL;ChIJGyUZESqobUcRzdpsZMndsYI;2026-05-21T13:25:21.153338Z
5. Margareten;Sauna;3;lodging;sauna;;"Rechte Wienzeile 51, 1050 Wien";https://maps.google.com/?cid=6352048379736496206&g_mp=Cidnb29nbGUubWFwcy5wbGFjZXMudjEuUGxhY2VzLlNlYXJjaFRleHQQAhgEIAA;OPERATIONAL;ChIJhTmOXk0HbUcRThhKxlgCJ1g;2026-05-21T13:25:21.153363Z
5. Margareten;Calisthenics Park;2;gym;fitness studio;;"58PW+222, 1050 Wien";https://maps.google.com/?cid=58491360103395774&g_mp=Cidnb29nbGUubWFwcy5wbGFjZXMudjEuUGxhY2VzLlNlYXJjaFRleHQQAhgEIAA;OPERATIONAL;ChIJIQlfAwCpbUcRvnFkBZXNzwA;2026-05-21T13:25:21.153397Z
5. Margareten;tuinamassagewien;0;spa;hammam;0664 3916870;"Gumpendorfer Str. 22, 1060 Wien";https://maps.google.com/?cid=4597910382976580286&g_mp=Cidnb29nbGUubWFwcy5wbGFjZXMudjEuUGxhY2VzLlNlYXJjaFRleHQQAhgEIAA;OPERATIONAL;ChIJE1ptj4YHbUcRvjpm7iEPzz8;2026-05-21T13:25:21.153411Z
5. Margareten;Una Beauty;0;beauty_salon;beauty salon;;"Arbeitergasse 37, 1050 Wien";https://maps.google.com/?cid=14496305775606789918&g_mp=Cidnb29nbGUubWFwcy5wbGFjZXMudjEuUGxhY2VzLlNlYXJjaFRleHQQAhgEIAA;OPERATIONAL;ChIJhxM7EyWobUcRHnd8Vkw5Lck;2026-05-21T13:25:21.153420Z
6. Mariahilf;Dr. Farhoodi Beautysalon;171;hair_salon;beauty salon;0681 20337592;"Mollardgasse 48a, 1060 Wien";https://maps.google.com/?cid=11991747788642998060&g_mp=Cidnb29nbGUubWFwcy5wbGFjZXMudjEuUGxhY2VzLlNlYXJjaFRleHQQAhgEIAA;OPERATIONAL;ChIJ3zgOWyKpbUcRLFckKhQ_a6Y;2026-05-21T13:25:21.153058Z
6. Mariahilf;The BeautySTAFF;135;medical_clinic;beauty salon;0680 1552170;"Esterházygasse 6, 1060 Wien";https://maps.google.com/?cid=924822304018458839&g_mp=Cidnb29nbGUubWFwcy5wbGFjZXMudjEuUGxhY2VzLlNlYXJjaFRleHQQAhgEIAA;OPERATIONAL;ChIJY3x8eZQHbUcR1-hgT_yg1Qw;2026-05-21T13:25:21.153078Z
6. Mariahilf;Beauty Pearl Vienna;67;nail_salon;beauty salon;0664 4146989;"Liniengasse 16/Top 22, 1060 Wien";https://maps.google.com/?cid=8623591013603650224&g_mp=Cidnb29nbGUubWFwcy5wbGFjZXMudjEuUGxhY2VzLlNlYXJjaFRleHQQAhgEIAA;OPERATIONAL;ChIJEXgOTWKpbUcRsKoYTlYmrXc;2026-05-21T13:25:21.153097Z
6. Mariahilf;Lilla Beauty;27;beauty_salon;beauty salon;0660 1031313;"Nelkengasse 3, 1060 Wien";https://maps.google.com/?cid=10881783462718663321&g_mp=Cidnb29nbGUubWFwcy5wbGFjZXMudjEuUGxhY2VzLlNlYXJjaFRleHQQAhgEIAA;OPERATIONAL;ChIJLTwavP8HbUcRmeoQumfcA5c;2026-05-21T13:25:21.153109Z
6. Mariahilf;Medical & Beauty;25;beauty_salon;beauty salon;0650 3096003;"Mariahilfer Str. 115/7 Mezzanin, 1060 Wien";https://maps.google.com/?cid=17063049999884222814&g_mp=Cidnb29nbGUubWFwcy5wbGFjZXMudjEuUGxhY2VzLlNlYXJjaFRleHQQAhgEIAA;OPERATIONAL;ChIJFc3FnlMHbUcRXgHUK5IhzOw;2026-05-21T13:25:21.153116Z
6. Mariahilf;Nun Nuad Thai-Massage;19;massage;massage;0660 1339240;"Webgasse 5/7, 1060 Wien";https://maps.google.com/?cid=9295452399484538909&g_mp=Cidnb29nbGUubWFwcy5wbGFjZXMudjEuUGxhY2VzLlNlYXJjaFRleHQQAhgEIAA;OPERATIONAL;ChIJ5xjqttypbUcRHRDUObUUAIE;2026-05-21T13:25:21.153136Z
6. Mariahilf;Center;17;spa;wellness center;0665 437666;"Esterházygasse 4, 1060 Wien";https://maps.google.com/?cid=6350183211495075597&g_mp=Cidnb29nbGUubWFwcy5wbGFjZXMudjEuUGxhY2VzLlNlYXJjaFRleHQQAhgEIAA;OPERATIONAL;ChIJsVuP9SIHbUcRDS_Qc_xhIFg;2026-05-21T13:25:21.153163Z
6. Mariahilf;In Corpus Veritas Heilmassage;5;massage;massage;0660 6167331;"Dürergasse 1, 1060 Wien";https://maps.google.com/?cid=9606753029242732007&g_mp=Cidnb29nbGUubWFwcy5wbGFjZXMudjEuUGxhY2VzLlNlYXJjaFRleHQQAhgEIAA;OPERATIONAL;ChIJw1pQkS-mbUcR573rOPsKUoU;2026-05-21T13:25:21.153172Z
6. Mariahilf;Shiatsupoint;2;wellness_center;wellness center;0650 8705560;"Schmalzhofgasse 18/1/10, 1060 Wien";https://maps.google.com/?cid=4248994624060329345&g_mp=Cidnb29nbGUubWFwcy5wbGFjZXMudjEuUGxhY2VzLlNlYXJjaFRleHQQAhgEIAA;OPERATIONAL;ChIJz1nMXooHbUcRgQ2pMxl29zo;2026-05-21T13:25:21.153181Z
6. Mariahilf;Relax;1;spa;"spa, wellness center";0660 8493582;"Sandwirtgasse, 1060 Wien";https://maps.google.com/?cid=3718767001256973702&g_mp=Cidnb29nbGUubWFwcy5wbGFjZXMudjEuUGxhY2VzLlNlYXJjaFRleHQQAhgEIAA;OPERATIONAL;ChIJMVGsVXOpbUcRhtVdgOK2mzM;2026-05-21T13:25:21.153195Z
6. Mariahilf;Massage Thai Pro Massage AT15;0;massage;massage;631 02 46 09;"Esterházygasse 21, 1060 Wien";https://maps.google.com/?cid=17906821222975969645&g_mp=Cidnb29nbGUubWFwcy5wbGFjZXMudjEuUGxhY2VzLlNlYXJjaFRleHQQAhgEIAA;OPERATIONAL;ChIJKZer3QwHbUcRbZnoIwfPgfg;2026-05-21T13:25:21.153212Z
7. Neubau;Butterfly Beauty Salon;53;hair_salon;beauty salon;0660 8176719;"Westbahnstraße 39, 1070 Wien";https://maps.google.com/?cid=8872959805486678503&g_mp=Cidnb29nbGUubWFwcy5wbGFjZXMudjEuUGxhY2VzLlNlYXJjaFRleHQQAhgEIAA;OPERATIONAL;ChIJ2UW0xJ0HbUcR50FaoO4VI3s;2026-05-21T13:25:21.152976Z
7. Neubau;Rosi's Beauty Coworking;36;beauty_salon;beauty salon;01 5268746;"Neustiftgasse 22, 1070 Wien";https://maps.google.com/?cid=14114926053570548073&g_mp=Cidnb29nbGUubWFwcy5wbGFjZXMudjEuUGxhY2VzLlNlYXJjaFRleHQQAhgEIAA;OPERATIONAL;ChIJG1RATZIHbUcRaZH6LXZK4sM;2026-05-21T13:25:21.152991Z
7. Neubau;Let‘s Relax Head Spa & Massage;4;massage_spa;"wellness center, spa, day spa";0676 3164962;"Kirchstetterngasse, 1160 Wien";https://maps.google.com/?cid=2405612557801008324&g_mp=Cidnb29nbGUubWFwcy5wbGFjZXMudjEuUGxhY2VzLlNlYXJjaFRleHQQAhgEIAA;OPERATIONAL;ChIJd-1tE1sHbUcRxKzyNuBzYiE;2026-05-21T13:25:21.153031Z
7. Neubau;Eleven Beauty Studio - Nagel & Massage Studio;1;beauty_salon;beauty salon;0676 3509566;"Schottenfeldgasse 92, 1070 Wien";https://maps.google.com/?cid=13441640650847542859&g_mp=Cidnb29nbGUubWFwcy5wbGFjZXMudjEuUGxhY2VzLlNlYXJjaFRleHQQAhgEIAA;OPERATIONAL;ChIJ8UGmoTkHbUcRS943gPRMiro;2026-05-21T13:25:21.153039Z
8. Josefstadt;Hyma Beauty e.U;59;beauty_salon;beauty salon;0660 6142443;"Tigergasse 36/2, 1080 Wien";https://maps.google.com/?cid=17273829663456349655&g_mp=Cidnb29nbGUubWFwcy5wbGFjZXMudjEuUGxhY2VzLlNlYXJjaFRleHQQAhgEIAA;OPERATIONAL;ChIJaexfwBMHbUcR183r6I74uO8;2026-05-21T13:25:21.152818Z
8. Josefstadt;Ginos Beauty Salon;58;hair_salon;beauty salon;0676 5645358;"Lederergasse 14, 1080 Wien";https://maps.google.com/?cid=11237692203999726646&g_mp=Cidnb29nbGUubWFwcy5wbGFjZXMudjEuUGxhY2VzLlNlYXJjaFRleHQQAhgEIAA;OPERATIONAL;ChIJh1NB--oHbUcRNoyUCoVN9Js;2026-05-21T13:25:21.152826Z
8. Josefstadt;Bebolino Beauty Aesthetic designer Studio;52;beauty_salon;beauty salon;;"Lerchenfelder Str. 156, 1080 Wien";https://maps.google.com/?cid=5724519729729361766&g_mp=Cidnb29nbGUubWFwcy5wbGFjZXMudjEuUGxhY2VzLlNlYXJjaFRleHQQAhgEIAA;OPERATIONAL;ChIJ5V9XOvMHbUcRZtc7SF2UcU8;2026-05-21T13:25:21.152833Z
8. Josefstadt;Bailing Massage;38;massage_spa;massage;0660 4503646;"Lerchengasse 25, 1080 Wien";https://maps.google.com/?cid=11474285754528792091&g_mp=Cidnb29nbGUubWFwcy5wbGFjZXMudjEuUGxhY2VzLlNlYXJjaFRleHQQAhgEIAA;OPERATIONAL;ChIJJX2_jesHbUcRG34DshnaPJ8;2026-05-21T13:25:21.152851Z
8. Josefstadt;Aiyi Massage;35;massage_spa;"spa, massage, wellness center, day spa";0677 63145376;"Bennogasse 23, 1080 Wien";https://maps.google.com/?cid=17766021965423506710&g_mp=Cidnb29nbGUubWFwcy5wbGFjZXMudjEuUGxhY2VzLlNlYXJjaFRleHQQAhgEIAA;OPERATIONAL;ChIJ-WJ3RUEHbUcRFvXaYNmWjfY;2026-05-21T13:25:21.152870Z
8. Josefstadt;Wellnow Group;5;;wellness center;0720 228360;"Strozzigasse 12, 1080 Wien";https://maps.google.com/?cid=17633288927049850665&g_mp=Cidnb29nbGUubWFwcy5wbGFjZXMudjEuUGxhY2VzLlNlYXJjaFRleHQQAhgEIAA;OPERATIONAL;ChIJp_3fSpMHbUcRKZ-intoGtvQ;2026-05-21T13:25:21.152897Z
8. Josefstadt;Olivia Cobbina - Heilmasseurin;2;massage_spa;"spa, massage, wellness center, day spa";0699 12252873;"Krotenthallergasse 5, 1080 Wien";https://maps.google.com/?cid=2332476110832540271&g_mp=Cidnb29nbGUubWFwcy5wbGFjZXMudjEuUGxhY2VzLlNlYXJjaFRleHQQAhgEIAA;OPERATIONAL;ChIJbbZN3LAHbUcRbxpCMaqeXiA;2026-05-21T13:25:21.152920Z
8. Josefstadt;Fit-Focus-Fitnesstrainig;0;gym;fitness studio;0660 3471934;"Blindengasse 50, 1080 Wien";https://maps.google.com/?cid=14688141449841225366&g_mp=Cidnb29nbGUubWFwcy5wbGFjZXMudjEuUGxhY2VzLlNlYXJjaFRleHQQAhgEIAA;OPERATIONAL;ChIJXbbLIZoHbUcRli562NPC1ss;2026-05-21T13:25:21.152935Z
8. Josefstadt;Österr Ges f Traditionelle China-Medizin;0;government_office;gesundheitszentrum;01 4069793;"Josefstädter Str. 20, 1080 Wien";https://maps.google.com/?cid=18176046217572658587&g_mp=Cidnb29nbGUubWFwcy5wbGFjZXMudjEuUGxhY2VzLlNlYXJjaFRleHQQAhgEIAA;OPERATIONAL;ChIJZbK0wJQHbUcRmy2A67tJPvw;2026-05-21T13:25:21.152956Z
9. Alsergrund;Adele Schönheitssalon luxury & Spa;61;beauty_salon;"spa, wellness center, day spa, beauty salon";0699 10909019;"Währinger Str. 44, 1090 Wien";https://maps.google.com/?cid=16936807227886046051&g_mp=Cidnb29nbGUubWFwcy5wbGFjZXMudjEuUGxhY2VzLlNlYXJjaFRleHQQAhgEIAA;OPERATIONAL;ChIJxSi3OqoHbUcRY4tqT3CgC-s;2026-05-21T13:25:21.152651Z
9. Alsergrund;Shaped by iB;27;fitness_center;fitness studio;;"Liechtensteinstraße 41/43, 1090 Wien";https://maps.google.com/?cid=12755743911202288053&g_mp=Cidnb29nbGUubWFwcy5wbGFjZXMudjEuUGxhY2VzLlNlYXJjaFRleHQQAhgEIAA;OPERATIONAL;ChIJfQgDIAAHbUcRtXEQIYGBBbE;2026-05-21T13:25:21.152742Z
9. Alsergrund;Fußpflege by Anzhela - Salon Siluet;22;foot_care;beauty salon;0670 6589010;"Rögergasse 6/3, 1090 Wien";https://maps.google.com/?cid=63676917703590112&g_mp=Cidnb29nbGUubWFwcy5wbGFjZXMudjEuUGxhY2VzLlNlYXJjaFRleHQQAhgEIAA;OPERATIONAL;ChIJt9_L52MHbUcR4EAdvNE54gA;2026-05-21T13:25:21.152759Z
9. Alsergrund;Mei Ling Massagestudio;9;massage_spa;massage;0688 9107712;"Grünentorgasse 34, 1090 Wien";https://maps.google.com/?cid=11539090017222245417&g_mp=Cidnb29nbGUubWFwcy5wbGFjZXMudjEuUGxhY2VzLlNlYXJjaFRleHQQAhgEIAA;OPERATIONAL;ChIJw1BqrdEHbUcRKbzJ4zsVI6A;2026-05-21T13:25:21.152783Z
9. Alsergrund;Nest of Soma;0;wellness_center;wellness center;;"Porzellangasse, 1090 Wien";https://maps.google.com/?cid=9885937734922433076&g_mp=Cidnb29nbGUubWFwcy5wbGFjZXMudjEuUGxhY2VzLlNlYXJjaFRleHQQAhgEIAA;OPERATIONAL;ChIJ156foSkHbUcRNHKu8f3nMYk;2026-05-21T13:25:21.152798Z